v,omega,x,y,phi,xr,yr,phir,delta
0.0000,0.0000,0.0000,0.0000,0.0997,0.1000,0.0100,0.0997,-0.0000
-0.0000,-0.0000,0.0995,0.0100,0.0997,0.2000,0.0200,0.0996,-0.0000
-0.0000,-0.0000,0.1990,0.0199,0.0997,0.3000,0.0300,0.0996,-0.0001
-0.0001,-0.0000,0.2985,0.0299,0.0997,0.4000,0.0400,0.0996,-0.0001
-0.0001,-0.0001,0.3980,0.0398,0.0997,0.5000,0.0500,0.0995,-0.0001
-0.0002,-0.0002,0.4975,0.0497,0.0997,0.6000,0.0600,0.0995,-0.0002
-0.0003,-0.0002,0.5970,0.0597,0.0997,0.7000,0.0699,0.0994,-0.0003
-0.0005,-0.0003,0.6965,0.0696,0.0997,0.8000,0.0799,0.0994,-0.0003
-0.0006,-0.0005,0.7960,0.0796,0.0997,0.9000,0.0899,0.0993,-0.0004
-0.0008,-0.0006,0.8955,0.0895,0.0996,1.0000,0.0998,0.0992,-0.0005
-0.0010,-0.0007,0.9950,0.0994,0.0996,1.1000,0.1098,0.0991,-0.0006
-0.0013,-0.0009,1.0945,0.1094,0.0996,1.2000,0.1197,0.0990,-0.0007
-0.0015,-0.0011,1.1941,0.1193,0.0996,1.3000,0.1296,0.0988,-0.0008
-0.0018,-0.0013,1.2936,0.1292,0.0996,1.4000,0.1395,0.0987,-0.0010
-0.0021,-0.0015,1.3931,0.1391,0.0995,1.5000,0.1494,0.0986,-0.0011
-0.0024,-0.0017,1.4926,0.1490,0.0995,1.6000,0.1593,0.0984,-0.0012
-0.0027,-0.0020,1.5921,0.1589,0.0995,1.7000,0.1692,0.0982,-0.0014
-0.0031,-0.0022,1.6916,0.1688,0.0994,1.8000,0.1790,0.0981,-0.0015
-0.0034,-0.0025,1.7911,0.1786,0.0994,1.9000,0.1889,0.0979,-0.0017
-0.0038,-0.0028,1.8906,0.1885,0.0993,2.0000,0.1987,0.0977,-0.0019
-0.0042,-0.0031,1.9901,0.1983,0.0993,2.1000,0.2085,0.0975,-0.0020
-0.0046,-0.0034,2.0897,0.2082,0.0992,2.2000,0.2182,0.0973,-0.0022
-0.0050,-0.0037,2.1892,0.2180,0.0992,2.3000,0.2280,0.0971,-0.0024
-0.0055,-0.0040,2.2887,0.2278,0.0991,2.4000,0.2377,0.0968,-0.0026
-0.0059,-0.0043,2.3882,0.2376,0.0990,2.5000,0.2474,0.0966,-0.0028
-0.0064,-0.0047,2.4877,0.2473,0.0989,2.6000,0.2571,0.0963,-0.0029
-0.0068,-0.0050,2.5873,0.2571,0.0988,2.7000,0.2667,0.0961,-0.0031
-0.0073,-0.0054,2.6868,0.2668,0.0987,2.8000,0.2764,0.0958,-0.0033
-0.0078,-0.0057,2.7863,0.2765,0.0986,2.9000,0.2860,0.0955,-0.0035
-0.0083,-0.0061,2.8858,0.2862,0.0985,3.0000,0.2955,0.0952,-0.0038
-0.0088,-0.0065,2.9854,0.2959,0.0984,3.1000,0.3051,0.0949,-0.0040
-0.0094,-0.0069,3.0849,0.3055,0.0983,3.2000,0.3146,0.0946,-0.0042
-0.0099,-0.0073,3.1844,0.3152,0.0981,3.3000,0.3240,0.0943,-0.0044
-0.0104,-0.0077,3.2840,0.3247,0.0980,3.4000,0.3335,0.0940,-0.0046
-0.0110,-0.0081,3.3835,0.3343,0.0978,3.5000,0.3429,0.0937,-0.0048
-0.0115,-0.0085,3.4831,0.3439,0.0977,3.6000,0.3523,0.0933,-0.0051
-0.0121,-0.0089,3.5826,0.3534,0.0975,3.7000,0.3616,0.0930,-0.0053
-0.0127,-0.0093,3.6822,0.3629,0.0973,3.8000,0.3709,0.0926,-0.0055
-0.0133,-0.0097,3.7817,0.3723,0.0971,3.9000,0.3802,0.0922,-0.0058
-0.0138,-0.0102,3.8813,0.3818,0.0969,4.0000,0.3894,0.0918,-0.0060
-0.0144,-0.0106,3.9808,0.3912,0.0967,4.1000,0.3986,0.0915,-0.0062
-0.0150,-0.0110,4.0804,0.4006,0.0965,4.2000,0.4078,0.0911,-0.0065
-0.0156,-0.0115,4.1799,0.4099,0.0963,4.3000,0.4169,0.0906,-0.0067
-0.0162,-0.0119,4.2795,0.4192,0.0961,4.4000,0.4259,0.0902,-0.0070
-0.0168,-0.0124,4.3791,0.4285,0.0958,4.5000,0.4350,0.0898,-0.0072
-0.0174,-0.0128,4.4787,0.4377,0.0956,4.6000,0.4439,0.0894,-0.0075
-0.0181,-0.0133,4.5782,0.4469,0.0953,4.7000,0.4529,0.0889,-0.0077
-0.0187,-0.0137,4.6778,0.4561,0.0951,4.8000,0.4618,0.0885,-0.0080
-0.0193,-0.0142,4.7774,0.4652,0.0948,4.9000,0.4706,0.0880,-0.0082
-0.0199,-0.0147,4.8770,0.4743,0.0945,5.0000,0.4794,0.0875,-0.0084
-0.0205,-0.0151,4.9766,0.4833,0.0942,5.1000,0.4882,0.0871,-0.0087
-0.0212,-0.0156,5.0762,0.4923,0.0939,5.2000,0.4969,0.0866,-0.0089
-0.0218,-0.0161,5.1758,0.5012,0.0936,5.3000,0.5055,0.0861,-0.0092
-0.0224,-0.0165,5.2754,0.5102,0.0933,5.4000,0.5141,0.0856,-0.0095
-0.0231,-0.0170,5.3750,0.5190,0.0929,5.5000,0.5227,0.0850,-0.0097
-0.0237,-0.0175,5.4746,0.5278,0.0926,5.6000,0.5312,0.0845,-0.0100
-0.0243,-0.0179,5.5742,0.5366,0.0922,5.7000,0.5396,0.0840,-0.0102
-0.0250,-0.0184,5.6738,0.5453,0.0919,5.8000,0.5480,0.0835,-0.0105
-0.0256,-0.0189,5.7735,0.5540,0.0915,5.9000,0.5564,0.0829,-0.0107
-0.0262,-0.0193,5.8731,0.5627,0.0911,6.0000,0.5646,0.0823,-0.0110
-0.0269,-0.0198,5.9727,0.5712,0.0908,6.1000,0.5729,0.0818,-0.0112
-0.0275,-0.0203,6.0724,0.5798,0.0904,6.2000,0.5810,0.0812,-0.0115
-0.0281,-0.0208,6.1720,0.5882,0.0900,6.3000,0.5891,0.0806,-0.0117
-0.0288,-0.0212,6.2716,0.5967,0.0895,6.4000,0.5972,0.0800,-0.0120
-0.0294,-0.0217,6.3713,0.6050,0.0891,6.5000,0.6052,0.0794,-0.0122
-0.0300,-0.0222,6.4709,0.6133,0.0887,6.6000,0.6131,0.0788,-0.0125
-0.0307,-0.0226,6.5706,0.6216,0.0882,6.7000,0.6210,0.0782,-0.0127
-0.0313,-0.0231,6.6703,0.6298,0.0878,6.8000,0.6288,0.0776,-0.0130
-0.0319,-0.0236,6.7699,0.6379,0.0873,6.9000,0.6365,0.0770,-0.0132
-0.0325,-0.0240,6.8696,0.6460,0.0869,7.0000,0.6442,0.0763,-0.0134
-0.0332,-0.0245,6.9693,0.6541,0.0864,7.1000,0.6518,0.0757,-0.0137
-0.0338,-0.0249,7.0690,0.6620,0.0859,7.2000,0.6594,0.0750,-0.0139
-0.0344,-0.0254,7.1687,0.6699,0.0854,7.3000,0.6669,0.0744,-0.0142
-0.0350,-0.0259,7.2684,0.6778,0.0849,7.4000,0.6743,0.0737,-0.0144
-0.0356,-0.0263,7.3681,0.6856,0.0844,7.5000,0.6816,0.0730,-0.0147
-0.0362,-0.0268,7.4678,0.6933,0.0838,7.6000,0.6889,0.0724,-0.0149
-0.0369,-0.0272,7.5675,0.7009,0.0833,7.7000,0.6961,0.0717,-0.0151
-0.0375,-0.0277,7.6672,0.7085,0.0828,7.8000,0.7033,0.0710,-0.0154
-0.0381,-0.0281,7.7669,0.7160,0.0822,7.9000,0.7104,0.0703,-0.0156
-0.0387,-0.0285,7.8666,0.7235,0.0816,8.0000,0.7174,0.0696,-0.0158
-0.0393,-0.0290,7.9664,0.7309,0.0811,8.1000,0.7243,0.0688,-0.0161
-0.0398,-0.0294,8.0661,0.7382,0.0805,8.2000,0.7311,0.0681,-0.0163
-0.0404,-0.0299,8.1658,0.7454,0.0799,8.3000,0.7379,0.0674,-0.0165
-0.0410,-0.0303,8.2656,0.7526,0.0793,8.4000,0.7446,0.0666,-0.0168
-0.0416,-0.0307,8.3653,0.7597,0.0787,8.5000,0.7513,0.0659,-0.0170
-0.0422,-0.0312,8.4651,0.7667,0.0781,8.6000,0.7578,0.0652,-0.0172
-0.0427,-0.0316,8.5649,0.7737,0.0775,8.7000,0.7643,0.0644,-0.0174
-0.0433,-0.0320,8.6646,0.7806,0.0768,8.8000,0.7707,0.0636,-0.0177
-0.0439,-0.0324,8.7644,0.7874,0.0762,8.9000,0.7771,0.0629,-0.0179
-0.0444,-0.0328,8.8642,0.7941,0.0755,9.0000,0.7833,0.0621,-0.0181
-0.0450,-0.0332,8.9640,0.8008,0.0749,9.1000,0.7895,0.0613,-0.0183
-0.0455,-0.0336,9.0637,0.8074,0.0742,9.2000,0.7956,0.0605,-0.0185
-0.0461,-0.0341,9.1635,0.8139,0.0735,9.3000,0.8016,0.0597,-0.0187
-0.0466,-0.0345,9.2633,0.8203,0.0729,9.4000,0.8076,0.0589,-0.0189
-0.0472,-0.0348,9.3631,0.8267,0.0722,9.5000,0.8134,0.0581,-0.0192
-0.0477,-0.0352,9.4629,0.8329,0.0715,9.6000,0.8192,0.0573,-0.0194
-0.0482,-0.0356,9.5628,0.8391,0.0708,9.7000,0.8249,0.0565,-0.0196
-0.0487,-0.0360,9.6626,0.8452,0.0701,9.8000,0.8305,0.0556,-0.0198
-0.0492,-0.0364,9.7624,0.8513,0.0693,9.9000,0.8360,0.0548,-0.0200
-0.0498,-0.0368,9.8622,0.8572,0.0686,10.0000,0.8415,0.0540,-0.0202
-0.0503,-0.0372,9.9621,0.8631,0.0679,10.1000,0.8468,0.0531,-0.0204
-0.0508,-0.0375,10.0619,0.8688,0.0671,10.2000,0.8521,0.0523,-0.0206
-0.0513,-0.0379,10.1617,0.8745,0.0664,10.3000,0.8573,0.0514,-0.0207
-0.0517,-0.0383,10.2616,0.8802,0.0656,10.4000,0.8624,0.0506,-0.0209
-0.0522,-0.0386,10.3614,0.8857,0.0649,10.5000,0.8674,0.0497,-0.0211
-0.0527,-0.0390,10.4613,0.8911,0.0641,10.6000,0.8724,0.0488,-0.0213
-0.0532,-0.0393,10.5612,0.8965,0.0633,10.7000,0.8772,0.0480,-0.0215
-0.0536,-0.0397,10.6610,0.9017,0.0625,10.8000,0.8820,0.0471,-0.0217
-0.0541,-0.0400,10.7609,0.9069,0.0617,10.9000,0.8866,0.0462,-0.0218
-0.0546,-0.0403,10.8608,0.9120,0.0609,11.0000,0.8912,0.0453,-0.0220
-0.0550,-0.0407,10.9606,0.9170,0.0601,11.1000,0.8957,0.0444,-0.0222
-0.0554,-0.0410,11.0605,0.9219,0.0593,11.2000,0.9001,0.0435,-0.0224
-0.0559,-0.0413,11.1604,0.9267,0.0585,11.3000,0.9044,0.0426,-0.0225
-0.0563,-0.0416,11.2603,0.9315,0.0577,11.4000,0.9086,0.0417,-0.0227
-0.0567,-0.0420,11.3602,0.9361,0.0568,11.5000,0.9128,0.0408,-0.0228
-0.0572,-0.0423,11.4601,0.9406,0.0560,11.6000,0.9168,0.0399,-0.0230
-0.0576,-0.0426,11.5600,0.9451,0.0551,11.7000,0.9208,0.0390,-0.0232
-0.0580,-0.0429,11.6599,0.9495,0.0543,11.8000,0.9246,0.0381,-0.0233
-0.0584,-0.0432,11.7599,0.9537,0.0534,11.9000,0.9284,0.0371,-0.0235
-0.0588,-0.0435,11.8598,0.9579,0.0526,12.0000,0.9320,0.0362,-0.0236
-0.0591,-0.0437,11.9597,0.9620,0.0517,12.1000,0.9356,0.0353,-0.0238
-0.0595,-0.0440,12.0596,0.9660,0.0508,12.2000,0.9391,0.0344,-0.0239
-0.0599,-0.0443,12.1596,0.9699,0.0499,12.3000,0.9425,0.0334,-0.0241
-0.0603,-0.0446,12.2595,0.9737,0.0491,12.4000,0.9458,0.0325,-0.0242
-0.0606,-0.0448,12.3594,0.9774,0.0482,12.5000,0.9490,0.0315,-0.0243
-0.0610,-0.0451,12.4594,0.9810,0.0473,12.6000,0.9521,0.0306,-0.0245
-0.0613,-0.0454,12.5593,0.9845,0.0464,12.7000,0.9551,0.0296,-0.0246
-0.0617,-0.0456,12.6593,0.9879,0.0455,12.8000,0.9580,0.0287,-0.0247
-0.0620,-0.0459,12.7592,0.9912,0.0446,12.9000,0.9608,0.0277,-0.0249
-0.0623,-0.0461,12.8592,0.9944,0.0436,13.0000,0.9636,0.0267,-0.0250
-0.0626,-0.0463,12.9591,0.9975,0.0427,13.1000,0.9662,0.0258,-0.0251
-0.0630,-0.0466,13.0591,1.0005,0.0418,13.2000,0.9687,0.0248,-0.0252
-0.0633,-0.0468,13.1591,1.0035,0.0409,13.3000,0.9711,0.0238,-0.0253
-0.0636,-0.0470,13.2590,1.0063,0.0399,13.4000,0.9735,0.0229,-0.0254
-0.0638,-0.0472,13.3590,1.0090,0.0390,13.5000,0.9757,0.0219,-0.0256
-0.0641,-0.0475,13.4590,1.0116,0.0380,13.6000,0.9779,0.0209,-0.0257
-0.0644,-0.0477,13.5590,1.0141,0.0371,13.7000,0.9799,0.0199,-0.0258
-0.0647,-0.0479,13.6589,1.0166,0.0361,13.8000,0.9819,0.0190,-0.0259
-0.0649,-0.0481,13.7589,1.0189,0.0352,13.9000,0.9837,0.0180,-0.0260
-0.0652,-0.0483,13.8589,1.0211,0.0342,14.0000,0.9855,0.0170,-0.0261
-0.0655,-0.0484,13.9589,1.0232,0.0332,14.1000,0.9871,0.0160,-0.0261
-0.0657,-0.0486,14.0589,1.0252,0.0323,14.2000,0.9887,0.0150,-0.0262
-0.0659,-0.0488,14.1589,1.0272,0.0313,14.3000,0.9901,0.0140,-0.0263
-0.0662,-0.0490,14.2589,1.0290,0.0303,14.4000,0.9915,0.0130,-0.0264
-0.0664,-0.0491,14.3588,1.0307,0.0293,14.5000,0.9927,0.0120,-0.0265
-0.0666,-0.0493,14.4588,1.0323,0.0284,14.6000,0.9939,0.0111,-0.0266
-0.0668,-0.0494,14.5588,1.0338,0.0274,14.7000,0.9949,0.0101,-0.0266
-0.0670,-0.0496,14.6588,1.0352,0.0264,14.8000,0.9959,0.0091,-0.0267
-0.0672,-0.0497,14.7588,1.0365,0.0254,14.9000,0.9967,0.0081,-0.0268
-0.0674,-0.0499,14.8588,1.0377,0.0244,15.0000,0.9975,0.0071,-0.0269
-0.0676,-0.0500,14.9588,1.0388,0.0234,15.1000,0.9982,0.0061,-0.0269
-0.0677,-0.0501,15.0589,1.0398,0.0224,15.2000,0.9987,0.0051,-0.0270
-0.0679,-0.0503,15.1589,1.0407,0.0214,15.3000,0.9992,0.0041,-0.0270
-0.0681,-0.0504,15.2589,1.0414,0.0204,15.4000,0.9995,0.0031,-0.0271
-0.0682,-0.0505,15.3589,1.0421,0.0194,15.5000,0.9998,0.0021,-0.0271
-0.0683,-0.0506,15.4589,1.0427,0.0184,15.6000,0.9999,0.0011,-0.0272
-0.0685,-0.0507,15.5589,1.0432,0.0174,15.7000,1.0000,0.0001,-0.0272
-0.0686,-0.0508,15.6589,1.0435,0.0164,15.8000,1.0000,-0.0009,-0.0273
-0.0687,-0.0509,15.7589,1.0438,0.0153,15.9000,0.9998,-0.0019,-0.0273
-0.0688,-0.0510,15.8589,1.0440,0.0143,16.0000,0.9996,-0.0029,-0.0274
-0.0689,-0.0510,15.9589,1.0440,0.0133,16.1000,0.9992,-0.0039,-0.0274
-0.0690,-0.0511,16.0589,1.0440,0.0123,16.2000,0.9988,-0.0049,-0.0274
-0.0691,-0.0512,16.1589,1.0438,0.0113,16.3000,0.9982,-0.0059,-0.0275
-0.0692,-0.0512,16.2589,1.0436,0.0102,16.4000,0.9976,-0.0069,-0.0275
-0.0693,-0.0513,16.3590,1.0432,0.0092,16.5000,0.9969,-0.0079,-0.0275
-0.0694,-0.0514,16.4590,1.0427,0.0082,16.6000,0.9960,-0.0089,-0.0275
-0.0694,-0.0514,16.5590,1.0422,0.0072,16.7000,0.9951,-0.0099,-0.0276
-0.0695,-0.0514,16.6590,1.0415,0.0061,16.8000,0.9940,-0.0109,-0.0276
-0.0695,-0.0515,16.7590,1.0407,0.0051,16.9000,0.9929,-0.0119,-0.0276
-0.0696,-0.0515,16.8590,1.0398,0.0041,17.0000,0.9917,-0.0129,-0.0276
-0.0696,-0.0515,16.9590,1.0388,0.0030,17.1000,0.9903,-0.0139,-0.0276
-0.0696,-0.0515,17.0590,1.0378,0.0020,17.2000,0.9889,-0.0149,-0.0276
-0.0696,-0.0516,17.1590,1.0366,0.0010,17.3000,0.9874,-0.0159,-0.0276
-0.0696,-0.0516,17.2590,1.0353,-0.0001,17.4000,0.9857,-0.0168,-0.0276
-0.0696,-0.0516,17.3590,1.0339,-0.0011,17.5000,0.9840,-0.0178,-0.0276
-0.0696,-0.0516,17.4590,1.0324,-0.0021,17.6000,0.9822,-0.0188,-0.0276
-0.0696,-0.0516,17.5590,1.0308,-0.0031,17.7000,0.9802,-0.0198,-0.0276
-0.0696,-0.0515,17.6590,1.0291,-0.0042,17.8000,0.9782,-0.0208,-0.0275
-0.0696,-0.0515,17.7590,1.0273,-0.0052,17.9000,0.9761,-0.0217,-0.0275
-0.0695,-0.0515,17.8590,1.0253,-0.0062,18.0000,0.9738,-0.0227,-0.0275
-0.0695,-0.0515,17.9590,1.0233,-0.0073,18.1000,0.9715,-0.0237,-0.0275
-0.0694,-0.0514,18.0590,1.0212,-0.0083,18.2000,0.9691,-0.0247,-0.0275
-0.0694,-0.0514,18.1589,1.0190,-0.0093,18.3000,0.9666,-0.0256,-0.0274
-0.0693,-0.0513,18.2589,1.0167,-0.0104,18.4000,0.9640,-0.0266,-0.0274
-0.0692,-0.0513,18.3589,1.0142,-0.0114,18.5000,0.9613,-0.0276,-0.0274
-0.0692,-0.0512,18.4589,1.0117,-0.0124,18.6000,0.9585,-0.0285,-0.0273
-0.0691,-0.0512,18.5589,1.0091,-0.0134,18.7000,0.9556,-0.0295,-0.0273
-0.0690,-0.0511,18.6588,1.0064,-0.0145,18.8000,0.9526,-0.0304,-0.0272
-0.0689,-0.0510,18.7588,1.0036,-0.0155,18.9000,0.9495,-0.0314,-0.0272
-0.0688,-0.0510,18.8588,1.0006,-0.0165,19.0000,0.9463,-0.0323,-0.0271
-0.0687,-0.0509,18.9587,0.9976,-0.0175,19.1000,0.9430,-0.0333,-0.0271
-0.0685,-0.0508,19.0587,0.9945,-0.0185,19.2000,0.9396,-0.0342,-0.0270
-0.0684,-0.0507,19.1586,0.9913,-0.0195,19.3000,0.9362,-0.0351,-0.0270
-0.0683,-0.0506,19.2586,0.9879,-0.0206,19.4000,0.9326,-0.0361,-0.0269
-0.0681,-0.0505,19.3586,0.9845,-0.0216,19.5000,0.9290,-0.0370,-0.0269
-0.0680,-0.0504,19.4585,0.9810,-0.0226,19.6000,0.9252,-0.0379,-0.0268
-0.0678,-0.0502,19.5584,0.9774,-0.0236,19.7000,0.9214,-0.0388,-0.0267
-0.0677,-0.0501,19.6584,0.9737,-0.0246,19.8000,0.9174,-0.0398,-0.0267
-0.0675,-0.0500,19.7583,0.9698,-0.0256,19.9000,0.9134,-0.0407,-0.0266
-0.0673,-0.0499,19.8583,0.9659,-0.0266,20.0000,0.9093,-0.0416,-0.0265
-0.0671,-0.0497,19.9582,0.9619,-0.0276,20.1000,0.9051,-0.0425,-0.0264
-0.0669,-0.0496,20.0581,0.9578,-0.0286,20.2000,0.9008,-0.0434,-0.0263
-0.0667,-0.0494,20.1580,0.9536,-0.0296,20.3000,0.8964,-0.0443,-0.0263
-0.0665,-0.0493,20.2579,0.9493,-0.0306,20.4000,0.8919,-0.0452,-0.0262
-0.0663,-0.0491,20.3579,0.9450,-0.0316,20.5000,0.8874,-0.0461,-0.0261
-0.0661,-0.0490,20.4578,0.9405,-0.0325,20.6000,0.8827,-0.0470,-0.0260
-0.0659,-0.0488,20.5577,0.9359,-0.0335,20.7000,0.8780,-0.0478,-0.0259
-0.0656,-0.0486,20.6576,0.9312,-0.0345,20.8000,0.8731,-0.0487,-0.0258
-0.0654,-0.0484,20.7575,0.9265,-0.0355,20.9000,0.8682,-0.0496,-0.0257
-0.0651,-0.0483,20.8574,0.9216,-0.0364,21.0000,0.8632,-0.0504,-0.0256
-0.0649,-0.0481,20.9572,0.9167,-0.0374,21.1000,0.8581,-0.0513,-0.0255
-0.0646,-0.0479,21.0571,0.9116,-0.0384,21.2000,0.8529,-0.0522,-0.0254
-0.0643,-0.0477,21.1570,0.9065,-0.0393,21.3000,0.8477,-0.0530,-0.0252
-0.0641,-0.0475,21.2569,0.9013,-0.0403,21.4000,0.8423,-0.0538,-0.0251
-0.0638,-0.0473,21.3567,0.8960,-0.0412,21.5000,0.8369,-0.0547,-0.0250
-0.0635,-0.0471,21.4566,0.8906,-0.0422,21.6000,0.8314,-0.0555,-0.0249
-0.0632,-0.0468,21.5565,0.8851,-0.0431,21.7000,0.8258,-0.0563,-0.0248
-0.0629,-0.0466,21.6563,0.8795,-0.0440,21.8000,0.8201,-0.0572,-0.0246
-0.0626,-0.0464,21.7562,0.8739,-0.0450,21.9000,0.8143,-0.0580,-0.0245
-0.0623,-0.0462,21.8560,0.8681,-0.0459,22.0000,0.8085,-0.0588,-0.0244
-0.0620,-0.0459,21.9558,0.8623,-0.0468,22.1000,0.8026,-0.0596,-0.0243
-0.0616,-0.0457,22.0557,0.8564,-0.0478,22.2000,0.7966,-0.0604,-0.0241
-0.0613,-0.0454,22.1555,0.8504,-0.0487,22.3000,0.7905,-0.0612,-0.0240
-0.0610,-0.0452,22.2553,0.8443,-0.0496,22.4000,0.7843,-0.0620,-0.0238
-0.0606,-0.0449,22.3551,0.8381,-0.0505,22.5000,0.7781,-0.0627,-0.0237
-0.0603,-0.0447,22.4550,0.8319,-0.0514,22.6000,0.7717,-0.0635,-0.0236
-0.0599,-0.0444,22.5548,0.8255,-0.0523,22.7001,0.7654,-0.0643,-0.0234
-0.0595,-0.0441,22.6546,0.8191,-0.0532,22.8001,0.7589,-0.0650,-0.0233
-0.0592,-0.0439,22.7544,0.8126,-0.0540,22.9001,0.7523,-0.0658,-0.0231
-0.0588,-0.0436,22.8541,0.8060,-0.0549,23.0001,0.7457,-0.0665,-0.0230
-0.0584,-0.0433,22.9539,0.7993,-0.0558,23.1001,0.7390,-0.0673,-0.0228
-0.0580,-0.0430,23.0537,0.7926,-0.0567,23.2001,0.7322,-0.0680,-0.0226
-0.0576,-0.0427,23.1535,0.7858,-0.0575,23.3001,0.7254,-0.0687,-0.0225
-0.0572,-0.0424,23.2532,0.7789,-0.0584,23.4001,0.7185,-0.0694,-0.0223
-0.0568,-0.0421,23.3530,0.7719,-0.0592,23.5001,0.7115,-0.0702,-0.0222
-0.0564,-0.0418,23.4528,0.7648,-0.0601,23.6001,0.7044,-0.0709,-0.0220
-0.0560,-0.0415,23.5525,0.7577,-0.0609,23.7001,0.6973,-0.0716,-0.0218
-0.0556,-0.0412,23.6523,0.7505,-0.0617,23.8001,0.6901,-0.0722,-0.0216
-0.0552,-0.0409,23.7520,0.7432,-0.0626,23.9001,0.6828,-0.0729,-0.0215
-0.0547,-0.0406,23.8517,0.7359,-0.0634,24.0001,0.6755,-0.0736,-0.0213
-0.0543,-0.0403,23.9515,0.7285,-0.0642,24.1001,0.6681,-0.0743,-0.0211
-0.0538,-0.0399,24.0512,0.7210,-0.0650,24.2001,0.6606,-0.0749,-0.0209
-0.0534,-0.0396,24.1509,0.7134,-0.0658,24.3001,0.6530,-0.0756,-0.0207
-0.0529,-0.0393,24.2506,0.7058,-0.0666,24.4001,0.6454,-0.0762,-0.0206
-0.0525,-0.0389,24.3503,0.6980,-0.0674,24.5001,0.6378,-0.0769,-0.0204
-0.0520,-0.0386,24.4500,0.6903,-0.0681,24.6001,0.6300,-0.0775,-0.0202
-0.0515,-0.0382,24.5497,0.6824,-0.0689,24.7001,0.6222,-0.0781,-0.0200
-0.0511,-0.0379,24.6494,0.6745,-0.0697,24.8001,0.6144,-0.0787,-0.0198
-0.0506,-0.0375,24.7491,0.6665,-0.0704,24.9001,0.6064,-0.0793,-0.0196
-0.0501,-0.0372,24.8488,0.6585,-0.0712,25.0001,0.5985,-0.0799,-0.0194
-0.0496,-0.0368,24.9485,0.6504,-0.0719,25.1001,0.5904,-0.0805,-0.0192
-0.0491,-0.0364,25.0481,0.6422,-0.0727,25.2001,0.5823,-0.0811,-0.0190
-0.0486,-0.0361,25.1478,0.6339,-0.0734,25.3001,0.5742,-0.0817,-0.0188
-0.0481,-0.0357,25.2475,0.6256,-0.0741,25.4001,0.5660,-0.0823,-0.0186
-0.0476,-0.0353,25.3471,0.6173,-0.0748,25.5001,0.5577,-0.0828,-0.0184
-0.0471,-0.0349,25.4468,0.6089,-0.0755,25.6001,0.5494,-0.0834,-0.0182
-0.0466,-0.0346,25.5464,0.6004,-0.0762,25.7001,0.5410,-0.0839,-0.0180
-0.0460,-0.0342,25.6461,0.5918,-0.0769,25.8001,0.5325,-0.0844,-0.0178
-0.0455,-0.0338,25.7457,0.5832,-0.0776,25.9001,0.5240,-0.0850,-0.0176
-0.0450,-0.0334,25.8453,0.5746,-0.0783,26.0001,0.5155,-0.0855,-0.0173
-0.0444,-0.0330,25.9449,0.5658,-0.0790,26.1001,0.5069,-0.0860,-0.0171
-0.0439,-0.0326,26.0446,0.5571,-0.0796,26.2001,0.4983,-0.0865,-0.0169
-0.0434,-0.0322,26.1442,0.5482,-0.0803,26.3001,0.4896,-0.0870,-0.0167
-0.0428,-0.0318,26.2438,0.5394,-0.0809,26.4001,0.4808,-0.0875,-0.0165
-0.0422,-0.0314,26.3434,0.5304,-0.0815,26.5001,0.4720,-0.0879,-0.0162
-0.0417,-0.0309,26.4430,0.5214,-0.0822,26.6001,0.4632,-0.0884,-0.0160
-0.0411,-0.0305,26.5426,0.5124,-0.0828,26.7001,0.4543,-0.0889,-0.0158
-0.0406,-0.0301,26.6422,0.5033,-0.0834,26.8001,0.4454,-0.0893,-0.0156
-0.0400,-0.0297,26.7418,0.4942,-0.0840,26.9001,0.4364,-0.0897,-0.0153
-0.0394,-0.0293,26.8413,0.4850,-0.0846,27.0001,0.4274,-0.0902,-0.0151
-0.0388,-0.0288,26.9409,0.4757,-0.0852,27.1001,0.4183,-0.0906,-0.0149
-0.0383,-0.0284,27.0405,0.4665,-0.0858,27.2001,0.4092,-0.0910,-0.0146
-0.0377,-0.0280,27.1400,0.4571,-0.0863,27.3001,0.4001,-0.0914,-0.0144
-0.0371,-0.0275,27.2396,0.4478,-0.0869,27.4001,0.3909,-0.0918,-0.0142
-0.0365,-0.0271,27.3392,0.4383,-0.0874,27.5001,0.3817,-0.0922,-0.0139
-0.0359,-0.0267,27.4387,0.4289,-0.0880,27.6001,0.3724,-0.0925,-0.0137
-0.0353,-0.0262,27.5383,0.4194,-0.0885,27.7001,0.3631,-0.0929,-0.0134
-0.0347,-0.0258,27.6378,0.4098,-0.0890,27.8001,0.3538,-0.0933,-0.0132
-0.0341,-0.0253,27.7374,0.4003,-0.0896,27.9001,0.3444,-0.0936,-0.0130
-0.0335,-0.0249,27.8369,0.3906,-0.0901,28.0001,0.3350,-0.0939,-0.0127
-0.0329,-0.0244,27.9364,0.3810,-0.0906,28.1001,0.3255,-0.0943,-0.0125
-0.0323,-0.0240,28.0360,0.3713,-0.0910,28.2001,0.3161,-0.0946,-0.0122
-0.0316,-0.0235,28.1355,0.3615,-0.0915,28.3001,0.3066,-0.0949,-0.0120
-0.0310,-0.0231,28.2350,0.3518,-0.0920,28.4001,0.2970,-0.0952,-0.0117
-0.0304,-0.0226,28.3345,0.3420,-0.0925,28.5001,0.2875,-0.0955,-0.0115
-0.0298,-0.0221,28.4340,0.3321,-0.0929,28.6001,0.2779,-0.0958,-0.0112
-0.0291,-0.0217,28.5336,0.3223,-0.0934,28.7001,0.2683,-0.0960,-0.0110
-0.0285,-0.0212,28.6331,0.3124,-0.0938,28.8001,0.2586,-0.0963,-0.0107
-0.0279,-0.0207,28.7326,0.3024,-0.0942,28.9001,0.2489,-0.0966,-0.0105
-0.0272,-0.0202,28.8321,0.2925,-0.0946,29.0001,0.2392,-0.0968,-0.0102
-0.0266,-0.0198,28.9316,0.2825,-0.0950,29.1001,0.2295,-0.0970,-0.0100
-0.0259,-0.0193,29.0311,0.2725,-0.0954,29.2001,0.2198,-0.0972,-0.0097
-0.0253,-0.0188,29.1306,0.2624,-0.0958,29.3001,0.2100,-0.0975,-0.0094
-0.0247,-0.0183,29.2301,0.2523,-0.0962,29.4001,0.2002,-0.0977,-0.0092
-0.0240,-0.0179,29.3296,0.2422,-0.0966,29.5001,0.1904,-0.0979,-0.0089
-0.0233,-0.0174,29.4291,0.2321,-0.0969,29.6001,0.1806,-0.0980,-0.0087
-0.0227,-0.0169,29.5285,0.2220,-0.0973,29.7001,0.1707,-0.0982,-0.0084
-0.0220,-0.0164,29.6280,0.2118,-0.0976,29.8001,0.1609,-0.0984,-0.0081
-0.0214,-0.0159,29.7275,0.2016,-0.0979,29.9001,0.1510,-0.0985,-0.0079
-0.0207,-0.0154,29.8270,0.1914,-0.0982,30.0001,0.1411,-0.0987,-0.0076
-0.0201,-0.0149,29.9265,0.1812,-0.0986,30.1001,0.1312,-0.0988,-0.0074
-0.0194,-0.0145,30.0259,0.1710,-0.0989,30.2001,0.1213,-0.0989,-0.0071
-0.0187,-0.0140,30.1254,0.1607,-0.0991,30.3001,0.1114,-0.0991,-0.0068
-0.0181,-0.0135,30.2249,0.1505,-0.0994,30.4001,0.1014,-0.0992,-0.0066
-0.0174,-0.0130,30.3243,0.1402,-0.0997,30.5001,0.0915,-0.0993,-0.0063
-0.0167,-0.0125,30.4238,0.1299,-0.0999,30.6001,0.0815,-0.0993,-0.0060
-0.0161,-0.0120,30.5233,0.1196,-0.1002,30.7001,0.0715,-0.0994,-0.0058
-0.0154,-0.0115,30.6228,0.1092,-0.1004,30.8001,0.0615,-0.0995,-0.0055
-0.0147,-0.0110,30.7222,0.0989,-0.1007,30.9001,0.0516,-0.0995,-0.0052
-0.0140,-0.0105,30.8217,0.0886,-0.1009,31.0001,0.0416,-0.0996,-0.0050
-0.0133,-0.0100,30.9211,0.0782,-0.1011,31.1001,0.0316,-0.0996,-0.0047
-0.0127,-0.0095,31.0206,0.0679,-0.1013,31.2001,0.0216,-0.0996,-0.0044
-0.0120,-0.0090,31.1201,0.0575,-0.1015,31.3001,0.0116,-0.0997,-0.0041
-0.0113,-0.0085,31.2195,0.0471,-0.1017,31.4001,0.0016,-0.0997,-0.0039
-0.0106,-0.0080,31.3190,0.0367,-0.1018,31.5001,-0.0084,-0.0997,-0.0036
-0.0099,-0.0075,31.4185,0.0264,-0.1020,31.6001,-0.0184,-0.0997,-0.0033
-0.0093,-0.0070,31.5179,0.0160,-0.1021,31.7001,-0.0284,-0.0996,-0.0031
-0.0086,-0.0064,31.6174,0.0056,-0.1023,31.8001,-0.0384,-0.0996,-0.0028
-0.0079,-0.0059,31.7168,-0.0048,-0.1024,31.9001,-0.0484,-0.0996,-0.0025
-0.0072,-0.0054,31.8163,-0.0152,-0.1025,32.0001,-0.0584,-0.0995,-0.0022
-0.0065,-0.0049,31.9158,-0.0255,-0.1026,32.1001,-0.0684,-0.0994,-0.0020
-0.0058,-0.0044,32.0152,-0.0359,-0.1027,32.2001,-0.0783,-0.0994,-0.0017
-0.0051,-0.0039,32.1147,-0.0463,-0.1028,32.3001,-0.0883,-0.0993,-0.0014
-0.0045,-0.0034,32.2141,-0.0566,-0.1029,32.4001,-0.0983,-0.0992,-0.0012
-0.0038,-0.0029,32.3136,-0.0670,-0.1030,32.5001,-0.1082,-0.0991,-0.0009
-0.0031,-0.0024,32.4131,-0.0774,-0.1030,32.6001,-0.1181,-0.0990,-0.0006
-0.0024,-0.0019,32.5125,-0.0877,-0.1031,32.7001,-0.1281,-0.0989,-0.0003
-0.0017,-0.0014,32.6120,-0.0980,-0.1031,32.8001,-0.1380,-0.0987,-0.0001
-0.0010,-0.0009,32.7115,-0.1084,-0.1031,32.9001,-0.1479,-0.0986,0.0002
-0.0003,-0.0003,32.8109,-0.1187,-0.1032,33.0001,-0.1578,-0.0984,0.0005
0.0004,0.0002,32.9104,-0.1290,-0.1032,33.1001,-0.1676,-0.0983,0.0008
0.0010,0.0007,33.0099,-0.1393,-0.1032,33.2001,-0.1775,-0.0981,0.0010
0.0017,0.0012,33.1093,-0.1496,-0.1031,33.3001,-0.1873,-0.0979,0.0013
0.0024,0.0017,33.2088,-0.1598,-0.1031,33.4001,-0.1971,-0.0977,0.0016
0.0031,0.0022,33.3083,-0.1701,-0.1031,33.5001,-0.2069,-0.0975,0.0018
0.0038,0.0027,33.4077,-0.1803,-0.1030,33.6001,-0.2167,-0.0973,0.0021
0.0045,0.0032,33.5072,-0.1905,-0.1030,33.7001,-0.2264,-0.0971,0.0024
0.0052,0.0037,33.6067,-0.2007,-0.1029,33.8001,-0.2362,-0.0969,0.0027
0.0059,0.0042,33.7062,-0.2109,-0.1029,33.9001,-0.2459,-0.0966,0.0029
0.0065,0.0047,33.8057,-0.2210,-0.1028,34.0001,-0.2555,-0.0964,0.0032
0.0072,0.0053,33.9052,-0.2311,-0.1027,34.1001,-0.2652,-0.0961,0.0035
0.0079,0.0058,34.0046,-0.2413,-0.1026,34.2001,-0.2748,-0.0959,0.0037
0.0086,0.0063,34.1041,-0.2513,-0.1025,34.3000,-0.2844,-0.0956,0.0040
0.0093,0.0068,34.2036,-0.2614,-0.1023,34.4000,-0.2940,-0.0953,0.0043
0.0099,0.0073,34.3031,-0.2714,-0.1022,34.5000,-0.3035,-0.0950,0.0045
0.0106,0.0078,34.4026,-0.2814,-0.1020,34.6000,-0.3131,-0.0947,0.0048
0.0113,0.0083,34.5021,-0.2914,-0.1019,34.7000,-0.3225,-0.0944,0.0051
0.0120,0.0088,34.6016,-0.3013,-0.1017,34.8000,-0.3320,-0.0941,0.0054
0.0127,0.0093,34.7011,-0.3113,-0.1015,34.9000,-0.3414,-0.0937,0.0056
0.0133,0.0098,34.8006,-0.3211,-0.1014,35.0000,-0.3508,-0.0934,0.0059
0.0140,0.0103,34.9002,-0.3310,-0.1012,35.1000,-0.3601,-0.0930,0.0061
0.0147,0.0108,34.9997,-0.3408,-0.1010,35.2000,-0.3694,-0.0927,0.0064
0.0154,0.0113,35.0992,-0.3506,-0.1007,35.3000,-0.3787,-0.0923,0.0067
0.0160,0.0118,35.1987,-0.3604,-0.1005,35.4000,-0.3880,-0.0919,0.0069
0.0167,0.0123,35.2982,-0.3701,-0.1003,35.5000,-0.3972,-0.0915,0.0072
0.0174,0.0128,35.3978,-0.3798,-0.1000,35.6000,-0.4063,-0.0911,0.0075
0.0180,0.0133,35.4973,-0.3894,-0.0998,35.7000,-0.4154,-0.0907,0.0077
0.0187,0.0137,35.5968,-0.3990,-0.0995,35.8000,-0.4245,-0.0903,0.0080
0.0193,0.0142,35.6964,-0.4086,-0.0992,35.9000,-0.4335,-0.0899,0.0083
0.0200,0.0147,35.7959,-0.4181,-0.0990,36.0000,-0.4425,-0.0894,0.0085
0.0207,0.0152,35.8955,-0.4276,-0.0987,36.1000,-0.4515,-0.0890,0.0088
0.0213,0.0157,35.9950,-0.4370,-0.0984,36.2000,-0.4604,-0.0885,0.0090
0.0220,0.0162,36.0946,-0.4464,-0.0980,36.3000,-0.4692,-0.0881,0.0093
0.0226,0.0167,36.1942,-0.4558,-0.0977,36.4000,-0.4780,-0.0876,0.0095
0.0233,0.0171,36.2937,-0.4651,-0.0974,36.5000,-0.4868,-0.0871,0.0098
0.0239,0.0176,36.3933,-0.4743,-0.0970,36.6000,-0.4955,-0.0866,0.0101
0.0246,0.0181,36.4929,-0.4835,-0.0967,36.7000,-0.5042,-0.0861,0.0103
0.0252,0.0186,36.5925,-0.4927,-0.0963,36.8000,-0.5128,-0.0856,0.0106
0.0258,0.0191,36.6920,-0.5018,-0.0960,36.9000,-0.5213,-0.0851,0.0108
0.0265,0.0195,36.7916,-0.5109,-0.0956,37.0000,-0.5298,-0.0846,0.0111
0.0271,0.0200,36.8912,-0.5199,-0.0952,37.1000,-0.5383,-0.0841,0.0113
0.0278,0.0205,36.9908,-0.5289,-0.0948,37.2000,-0.5467,-0.0835,0.0116
0.0284,0.0209,37.0904,-0.5378,-0.0944,37.3000,-0.5550,-0.0830,0.0118
0.0290,0.0214,37.1900,-0.5466,-0.0940,37.4000,-0.5633,-0.0824,0.0120
0.0296,0.0219,37.2897,-0.5554,-0.0935,37.5000,-0.5716,-0.0819,0.0123
0.0303,0.0223,37.3893,-0.5642,-0.0931,37.6000,-0.5797,-0.0813,0.0125
0.0309,0.0228,37.4889,-0.5729,-0.0926,37.7000,-0.5879,-0.0807,0.0128
0.0315,0.0232,37.5885,-0.5815,-0.0922,37.8000,-0.5959,-0.0801,0.0130
0.0321,0.0237,37.6882,-0.5901,-0.0917,37.9000,-0.6039,-0.0795,0.0133
0.0327,0.0241,37.7878,-0.5986,-0.0913,38.0000,-0.6119,-0.0789,0.0135
0.0333,0.0246,37.8874,-0.6071,-0.0908,38.1000,-0.6197,-0.0783,0.0137
0.0339,0.0250,37.9871,-0.6155,-0.0903,38.2000,-0.6276,-0.0777,0.0140
0.0345,0.0255,38.0867,-0.6238,-0.0898,38.3000,-0.6353,-0.0771,0.0142
0.0351,0.0259,38.1864,-0.6321,-0.0893,38.4000,-0.6430,-0.0764,0.0144
0.0357,0.0264,38.2861,-0.6403,-0.0888,38.5000,-0.6506,-0.0758,0.0147
0.0363,0.0268,38.3857,-0.6485,-0.0882,38.6000,-0.6582,-0.0751,0.0149
0.0369,0.0272,38.4854,-0.6566,-0.0877,38.7000,-0.6657,-0.0745,0.0151
0.0375,0.0277,38.5851,-0.6646,-0.0871,38.8000,-0.6731,-0.0738,0.0154
0.0380,0.0281,38.6848,-0.6725,-0.0866,38.9000,-0.6805,-0.0731,0.0156
0.0386,0.0285,38.7845,-0.6804,-0.0860,39.0000,-0.6878,-0.0725,0.0158
0.0392,0.0289,38.8842,-0.6882,-0.0855,39.1000,-0.6950,-0.0718,0.0160
0.0398,0.0294,38.9839,-0.6960,-0.0849,39.2000,-0.7021,-0.0711,0.0163
0.0403,0.0298,39.0836,-0.7037,-0.0843,39.3000,-0.7092,-0.0704,0.0165
0.0409,0.0302,39.1833,-0.7113,-0.0837,39.4000,-0.7162,-0.0697,0.0167
0.0414,0.0306,39.2830,-0.7188,-0.0831,39.5000,-0.7232,-0.0690,0.0169
0.0420,0.0310,39.3827,-0.7263,-0.0825,39.6000,-0.7301,-0.0682,0.0171
0.0425,0.0314,39.4825,-0.7337,-0.0819,39.7000,-0.7369,-0.0675,0.0173
0.0431,0.0318,39.5822,-0.7411,-0.0812,39.8000,-0.7436,-0.0668,0.0176
0.0436,0.0322,39.6819,-0.7483,-0.0806,39.9000,-0.7502,-0.0660,0.0178
0.0442,0.0326,39.7817,-0.7555,-0.0799,40.0000,-0.7568,-0.0653,0.0180
0.0447,0.0330,39.8814,-0.7626,-0.0793,40.1000,-0.7633,-0.0645,0.0182
0.0452,0.0334,39.9812,-0.7696,-0.0786,40.2000,-0.7697,-0.0638,0.0184
0.0457,0.0338,40.0809,-0.7766,-0.0780,40.3000,-0.7761,-0.0630,0.0186
0.0463,0.0342,40.1807,-0.7835,-0.0773,40.4000,-0.7823,-0.0622,0.0188
0.0468,0.0346,40.2805,-0.7903,-0.0766,40.5000,-0.7885,-0.0614,0.0190
0.0473,0.0350,40.3803,-0.7970,-0.0759,40.6000,-0.7946,-0.0606,0.0192
0.0478,0.0353,40.4800,-0.8036,-0.0752,40.7000,-0.8007,-0.0598,0.0194
0.0483,0.0357,40.5798,-0.8102,-0.0745,40.7999,-0.8066,-0.0590,0.0196
0.0488,0.0361,40.6796,-0.8167,-0.0738,40.8999,-0.8125,-0.0582,0.0198
0.0493,0.0364,40.7794,-0.8231,-0.0731,40.9999,-0.8183,-0.0574,0.0200
0.0498,0.0368,40.8792,-0.8294,-0.0723,41.0999,-0.8240,-0.0566,0.0201
0.0502,0.0371,40.9790,-0.8356,-0.0716,41.1999,-0.8296,-0.0558,0.0203
0.0507,0.0375,41.0789,-0.8418,-0.0709,41.2999,-0.8351,-0.0549,0.0205
0.0512,0.0379,41.1787,-0.8478,-0.0701,41.3999,-0.8406,-0.0541,0.0207
0.0517,0.0382,41.2785,-0.8538,-0.0694,41.4999,-0.8460,-0.0533,0.0209
0.0521,0.0385,41.3783,-0.8597,-0.0686,41.5999,-0.8513,-0.0524,0.0211
0.0526,0.0389,41.4782,-0.8655,-0.0678,41.6999,-0.8565,-0.0516,0.0212
0.0530,0.0392,41.5780,-0.8713,-0.0670,41.7999,-0.8616,-0.0507,0.0214
0.0535,0.0395,41.6779,-0.8769,-0.0663,41.8999,-0.8666,-0.0499,0.0216
0.0539,0.0399,41.7777,-0.8825,-0.0655,41.9999,-0.8716,-0.0490,0.0218
0.0544,0.0402,41.8776,-0.8879,-0.0647,42.0999,-0.8764,-0.0481,0.0219
0.0548,0.0405,41.9774,-0.8933,-0.0639,42.1999,-0.8812,-0.0472,0.0221
0.0552,0.0408,42.0773,-0.8986,-0.0631,42.2999,-0.8859,-0.0464,0.0223
0.0556,0.0411,42.1772,-0.9038,-0.0622,42.3999,-0.8905,-0.0455,0.0224
0.0561,0.0415,42.2770,-0.9089,-0.0614,42.4999,-0.8950,-0.0446,0.0226
0.0565,0.0418,42.3769,-0.9139,-0.0606,42.5999,-0.8994,-0.0437,0.0227
0.0569,0.0421,42.4768,-0.9188,-0.0598,42.6999,-0.9037,-0.0428,0.0229
0.0573,0.0424,42.5767,-0.9237,-0.0589,42.7999,-0.9080,-0.0419,0.0230
0.0577,0.0426,42.6766,-0.9284,-0.0581,42.8999,-0.9121,-0.0410,0.0232
0.0580,0.0429,42.7765,-0.9331,-0.0572,42.9999,-0.9162,-0.0401,0.0233
0.0584,0.0432,42.8764,-0.9376,-0.0564,43.0999,-0.9201,-0.0391,0.0235
0.0588,0.0435,42.9763,-0.9421,-0.0555,43.1999,-0.9240,-0.0382,0.0236
0.0592,0.0438,43.0762,-0.9465,-0.0546,43.2999,-0.9278,-0.0373,0.0238
0.0595,0.0440,43.1761,-0.9508,-0.0537,43.3999,-0.9315,-0.0364,0.0239
0.0599,0.0443,43.2760,-0.9549,-0.0529,43.4999,-0.9350,-0.0354,0.0240
0.0602,0.0446,43.3760,-0.9590,-0.0520,43.5999,-0.9385,-0.0345,0.0242
0.0606,0.0448,43.4759,-0.9630,-0.0511,43.6999,-0.9420,-0.0336,0.0243
0.0609,0.0451,43.5758,-0.9669,-0.0502,43.7999,-0.9453,-0.0326,0.0244
0.0613,0.0453,43.6758,-0.9707,-0.0493,43.8999,-0.9485,-0.0317,0.0246
0.0616,0.0456,43.7757,-0.9744,-0.0484,43.9999,-0.9516,-0.0307,0.0247
0.0619,0.0458,43.8756,-0.9780,-0.0475,44.0999,-0.9546,-0.0298,0.0248
0.0622,0.0460,43.9756,-0.9815,-0.0466,44.1999,-0.9576,-0.0288,0.0249
0.0625,0.0463,44.0755,-0.9849,-0.0456,44.2999,-0.9604,-0.0279,0.0250
0.0628,0.0465,44.1755,-0.9883,-0.0447,44.3999,-0.9631,-0.0269,0.0252
0.0631,0.0467,44.2755,-0.9915,-0.0438,44.4999,-0.9658,-0.0259,0.0253
0.0634,0.0469,44.3754,-0.9946,-0.0428,44.5999,-0.9683,-0.0250,0.0254
0.0637,0.0472,44.4754,-0.9976,-0.0419,44.6999,-0.9708,-0.0240,0.0255
0.0640,0.0474,44.5753,-1.0005,-0.0410,44.7999,-0.9731,-0.0230,0.0256
0.0643,0.0476,44.6753,-1.0033,-0.0400,44.8999,-0.9754,-0.0221,0.0257
0.0645,0.0478,44.7753,-1.0061,-0.0391,44.9999,-0.9775,-0.0211,0.0258
0.0648,0.0480,44.8753,-1.0087,-0.0381,45.0999,-0.9796,-0.0201,0.0259
0.0650,0.0481,44.9752,-1.0112,-0.0372,45.1999,-0.9815,-0.0191,0.0260
0.0653,0.0483,45.0752,-1.0136,-0.0362,45.2999,-0.9834,-0.0181,0.0261
0.0655,0.0485,45.1752,-1.0159,-0.0352,45.3999,-0.9852,-0.0172,0.0262
0.0658,0.0487,45.2752,-1.0181,-0.0343,45.4999,-0.9868,-0.0162,0.0263
0.0660,0.0488,45.3752,-1.0202,-0.0333,45.5999,-0.9884,-0.0152,0.0263
0.0662,0.0490,45.4752,-1.0222,-0.0323,45.6999,-0.9899,-0.0142,0.0264
0.0664,0.0492,45.5751,-1.0241,-0.0313,45.7999,-0.9912,-0.0132,0.0265
0.0666,0.0493,45.6751,-1.0260,-0.0303,45.8999,-0.9925,-0.0122,0.0266
0.0668,0.0495,45.7751,-1.0277,-0.0294,45.9999,-0.9937,-0.0112,0.0267
0.0670,0.0496,45.8751,-1.0293,-0.0284,46.0999,-0.9948,-0.0102,0.0267
0.0672,0.0498,45.9751,-1.0307,-0.0274,46.1999,-0.9957,-0.0092,0.0268
0.0674,0.0499,46.0751,-1.0321,-0.0264,46.2999,-0.9966,-0.0082,0.0269
0.0676,0.0500,46.1751,-1.0334,-0.0254,46.3999,-0.9974,-0.0072,0.0269
0.0677,0.0501,46.2751,-1.0346,-0.0244,46.4999,-0.9981,-0.0062,0.0270
0.0679,0.0503,46.3751,-1.0357,-0.0234,46.5999,-0.9986,-0.0052,0.0270
0.0680,0.0504,46.4751,-1.0367,-0.0224,46.6999,-0.9991,-0.0042,0.0271
0.0682,0.0505,46.5751,-1.0376,-0.0214,46.7999,-0.9995,-0.0032,0.0271
0.0683,0.0506,46.6751,-1.0383,-0.0204,46.8999,-0.9997,-0.0022,0.0272
0.0685,0.0507,46.7752,-1.0390,-0.0193,46.9999,-0.9999,-0.0012,0.0272
0.0686,0.0508,46.8752,-1.0396,-0.0183,47.0999,-1.0000,-0.0002,0.0273
0.0687,0.0509,46.9752,-1.0400,-0.0173,47.1999,-1.0000,0.0008,0.0273
0.0688,0.0510,47.0752,-1.0404,-0.0163,47.2999,-0.9998,0.0018,0.0274
0.0689,0.0510,47.1752,-1.0406,-0.0153,47.3998,-0.9996,0.0028,0.0274
0.0690,0.0511,47.2752,-1.0408,-0.0143,47.4998,-0.9993,0.0038,0.0274
0.0691,0.0512,47.3752,-1.0408,-0.0132,47.5998,-0.9989,0.0048,0.0275
0.0692,0.0512,47.4752,-1.0408,-0.0122,47.6998,-0.9983,0.0058,0.0275
0.0693,0.0513,47.5752,-1.0406,-0.0112,47.7998,-0.9977,0.0068,0.0275
0.0693,0.0513,47.6752,-1.0403,-0.0102,47.8998,-0.9970,0.0078,0.0275
0.0694,0.0514,47.7752,-1.0400,-0.0091,47.9998,-0.9962,0.0087,0.0275
0.0695,0.0514,47.8752,-1.0395,-0.0081,48.0998,-0.9952,0.0097,0.0276
0.0695,0.0515,47.9753,-1.0389,-0.0071,48.1998,-0.9942,0.0107,0.0276
0.0696,0.0515,48.0753,-1.0382,-0.0060,48.2998,-0.9931,0.0117,0.0276
0.0696,0.0515,48.1753,-1.0374,-0.0050,48.3998,-0.9919,0.0127,0.0276
0.0696,0.0515,48.2753,-1.0366,-0.0040,48.4998,-0.9905,0.0137,0.0276
0.0696,0.0516,48.3753,-1.0356,-0.0030,48.5998,-0.9891,0.0147,0.0276
0.0696,0.0516,48.4753,-1.0345,-0.0019,48.6998,-0.9876,0.0157,0.0276
0.0697,0.0516,48.5753,-1.0333,-0.0009,48.7998,-0.9860,0.0167,0.0276
0.0696,0.0516,48.6753,-1.0320,0.0001,48.8998,-0.9843,0.0177,0.0276
0.0696,0.0516,48.7753,-1.0306,0.0012,48.9998,-0.9825,0.0186,0.0276
0.0696,0.0516,48.8753,-1.0290,0.0022,49.0998,-0.9805,0.0196,0.0276
0.0696,0.0515,48.9753,-1.0274,0.0032,49.1998,-0.9785,0.0206,0.0276
0.0696,0.0515,49.0753,-1.0257,0.0043,49.2998,-0.9764,0.0216,0.0275
0.0695,0.0515,49.1753,-1.0239,0.0053,49.3998,-0.9742,0.0226,0.0275
0.0695,0.0515,49.2753,-1.0220,0.0063,49.4998,-0.9719,0.0235,0.0275
0.0694,0.0514,49.3753,-1.0200,0.0074,49.5998,-0.9695,0.0245,0.0275
0.0694,0.0514,49.4752,-1.0178,0.0084,49.6998,-0.9670,0.0255,0.0274
0.0693,0.0513,49.5752,-1.0156,0.0094,49.7998,-0.9644,0.0264,0.0274
0.0692,0.0513,49.6752,-1.0133,0.0104,49.8998,-0.9617,0.0274,0.0274
0.0692,0.0512,49.7752,-1.0108,0.0115,49.9998,-0.9589,0.0284,0.0273
0.0691,0.0512,49.8752,-1.0083,0.0125,50.0998,-0.9560,0.0293,0.0273
0.0690,0.0511,49.9751,-1.0057,0.0135,50.1998,-0.9531,0.0303,0.0272
0.0689,0.0510,50.0751,-1.0030,0.0145,50.2998,-0.9500,0.0312,0.0272
0.0688,0.0510,50.1751,-1.0001,0.0156,50.3998,-0.9468,0.0322,0.0271
0.0687,0.0509,50.2750,-0.9972,0.0166,50.4998,-0.9436,0.0331,0.0271
0.0685,0.0508,50.3750,-0.9942,0.0176,50.5998,-0.9402,0.0341,0.0270
0.0684,0.0507,50.4750,-0.9910,0.0186,50.6998,-0.9367,0.0350,0.0270
0.0683,0.0506,50.5749,-0.9878,0.0196,50.7998,-0.9332,0.0359,0.0269
0.0681,0.0505,50.6749,-0.9845,0.0206,50.8998,-0.9296,0.0369,0.0269
0.0680,0.0504,50.7748,-0.9810,0.0216,50.9998,-0.9258,0.0378,0.0268
0.0678,0.0503,50.8748,-0.9775,0.0227,51.0998,-0.9220,0.0387,0.0267
0.0677,0.0501,50.9747,-0.9739,0.0237,51.1998,-0.9181,0.0396,0.0267
0.0675,0.0500,51.0747,-0.9702,0.0247,51.2998,-0.9141,0.0405,0.0266
0.0673,0.0499,51.1746,-0.9664,0.0257,51.3998,-0.9100,0.0414,0.0265
0.0671,0.0497,51.2745,-0.9625,0.0267,51.4998,-0.9058,0.0424,0.0264
0.0669,0.0496,51.3745,-0.9585,0.0277,51.5998,-0.9015,0.0433,0.0263
0.0668,0.0495,51.4744,-0.9543,0.0286,51.6998,-0.8971,0.0441,0.0263
0.0665,0.0493,51.5743,-0.9501,0.0296,51.7998,-0.8927,0.0450,0.0262
0.0663,0.0492,51.6742,-0.9459,0.0306,51.8998,-0.8881,0.0459,0.0261
0.0661,0.0490,51.7741,-0.9415,0.0316,51.9998,-0.8835,0.0468,0.0260
0.0659,0.0488,51.8740,-0.9370,0.0326,52.0998,-0.8787,0.0477,0.0259
0.0657,0.0487,51.9739,-0.9324,0.0336,52.1998,-0.8739,0.0486,0.0258
0.0654,0.0485,52.0738,-0.9277,0.0345,52.2998,-0.8690,0.0494,0.0257
0.0652,0.0483,52.1737,-0.9230,0.0355,52.3998,-0.8640,0.0503,0.0256
0.0649,0.0481,52.2736,-0.9181,0.0365,52.4998,-0.8589,0.0512,0.0255
0.0647,0.0479,52.3735,-0.9132,0.0374,52.5998,-0.8538,0.0520,0.0254
0.0644,0.0477,52.4734,-0.9082,0.0384,52.6998,-0.8485,0.0529,0.0253
0.0641,0.0475,52.5733,-0.9030,0.0393,52.7998,-0.8432,0.0537,0.0252
0.0639,0.0473,52.6732,-0.8978,0.0403,52.8998,-0.8378,0.0545,0.0250
0.0636,0.0471,52.7730,-0.8925,0.0412,52.9998,-0.8323,0.0554,0.0249
0.0633,0.0469,52.8729,-0.8871,0.0422,53.0998,-0.8267,0.0562,0.0248
0.0630,0.0467,52.9727,-0.8816,0.0431,53.1998,-0.8210,0.0570,0.0247
0.0627,0.0465,53.0726,-0.8761,0.0441,53.2998,-0.8153,0.0578,0.0246
0.0624,0.0462,53.1724,-0.8704,0.0450,53.3998,-0.8094,0.0587,0.0244
0.0621,0.0460,53.2723,-0.8647,0.0459,53.4998,-0.8035,0.0595,0.0243
0.0617,0.0458,53.3721,-0.8588,0.0468,53.5998,-0.7975,0.0603,0.0242
0.0614,0.0455,53.4720,-0.8529,0.0477,53.6998,-0.7915,0.0610,0.0240
0.0611,0.0453,53.5718,-0.8469,0.0487,53.7998,-0.7853,0.0618,0.0239
0.0607,0.0450,53.6716,-0.8408,0.0496,53.8997,-0.7791,0.0626,0.0238
0.0604,0.0448,53.7714,-0.8347,0.0505,53.9997,-0.7728,0.0634,0.0236
0.0600,0.0445,53.8712,-0.8284,0.0514,54.0997,-0.7664,0.0641,0.0235
0.0597,0.0442,53.9710,-0.8221,0.0522,54.1997,-0.7599,0.0649,0.0233
0.0593,0.0440,54.0708,-0.8157,0.0531,54.2997,-0.7534,0.0657,0.0232
0.0589,0.0437,54.1706,-0.8092,0.0540,54.3997,-0.7468,0.0664,0.0230
0.0586,0.0434,54.2704,-0.8026,0.0549,54.4997,-0.7401,0.0671,0.0229
0.0582,0.0431,54.3702,-0.7959,0.0558,54.5997,-0.7333,0.0679,0.0227
0.0578,0.0429,54.4700,-0.7892,0.0566,54.6997,-0.7265,0.0686,0.0225
0.0574,0.0426,54.5698,-0.7824,0.0575,54.7997,-0.7196,0.0693,0.0224
0.0570,0.0423,54.6695,-0.7755,0.0583,54.8997,-0.7126,0.0700,0.0222
0.0566,0.0420,54.7693,-0.7685,0.0592,54.9997,-0.7056,0.0707,0.0221
0.0562,0.0417,54.8691,-0.7615,0.0600,55.0997,-0.6984,0.0714,0.0219
0.0558,0.0414,54.9688,-0.7544,0.0608,55.1997,-0.6912,0.0721,0.0217
0.0553,0.0410,55.0686,-0.7472,0.0617,55.2997,-0.6840,0.0728,0.0215
0.0549,0.0407,55.1683,-0.7399,0.0625,55.3997,-0.6767,0.0735,0.0214
0.0545,0.0404,55.2680,-0.7326,0.0633,55.4997,-0.6693,0.0742,0.0212
0.0540,0.0401,55.3678,-0.7252,0.0641,55.5997,-0.6618,0.0748,0.0210
0.0536,0.0398,55.4675,-0.7177,0.0649,55.6997,-0.6543,0.0755,0.0208
0.0532,0.0394,55.5672,-0.7101,0.0657,55.7997,-0.6467,0.0761,0.0207
0.0527,0.0391,55.6669,-0.7025,0.0665,55.8997,-0.6390,0.0768,0.0205
0.0522,0.0387,55.7666,-0.6948,0.0673,55.9997,-0.6313,0.0774,0.0203
0.0518,0.0384,55.8663,-0.6870,0.0681,56.0997,-0.6235,0.0780,0.0201
0.0513,0.0381,55.9660,-0.6792,0.0688,56.1997,-0.6157,0.0786,0.0199
0.0508,0.0377,56.0657,-0.6713,0.0696,56.2997,-0.6077,0.0792,0.0197
0.0503,0.0373,56.1654,-0.6633,0.0703,56.3997,-0.5998,0.0798,0.0195
0.0499,0.0370,56.2651,-0.6553,0.0711,56.4997,-0.5917,0.0804,0.0193
0.0494,0.0366,56.3648,-0.6472,0.0718,56.5997,-0.5836,0.0810,0.0191
0.0489,0.0363,56.4644,-0.6390,0.0726,56.6997,-0.5755,0.0816,0.0189
0.0484,0.0359,56.5641,-0.6308,0.0733,56.7997,-0.5673,0.0822,0.0187
0.0479,0.0355,56.6638,-0.6225,0.0740,56.8997,-0.5590,0.0827,0.0185
0.0474,0.0351,56.7634,-0.6142,0.0747,56.9997,-0.5507,0.0833,0.0183
0.0468,0.0348,56.8631,-0.6058,0.0754,57.0997,-0.5423,0.0838,0.0181
0.0463,0.0344,56.9627,-0.5973,0.0761,57.1997,-0.5339,0.0844,0.0179
0.0458,0.0340,57.0624,-0.5888,0.0768,57.2997,-0.5254,0.0849,0.0177
0.0453,0.0336,57.1620,-0.5802,0.0775,57.3997,-0.5169,0.0854,0.0175
0.0447,0.0332,57.2616,-0.5716,0.0781,57.4997,-0.5083,0.0859,0.0173
0.0442,0.0328,57.3613,-0.5629,0.0788,57.5997,-0.4997,0.0864,0.0170
0.0437,0.0324,57.4609,-0.5541,0.0795,57.6997,-0.4910,0.0869,0.0168
0.0431,0.0320,57.5605,-0.5453,0.0801,57.7997,-0.4822,0.0874,0.0166
0.0426,0.0316,57.6601,-0.5364,0.0808,57.8997,-0.4735,0.0879,0.0164
0.0420,0.0312,57.7597,-0.5275,0.0814,57.9997,-0.4646,0.0883,0.0162
0.0415,0.0308,57.8593,-0.5185,0.0820,58.0997,-0.4558,0.0888,0.0159
0.0409,0.0304,57.9589,-0.5095,0.0826,58.1997,-0.4468,0.0892,0.0157
0.0403,0.0300,58.0585,-0.5005,0.0832,58.2997,-0.4379,0.0897,0.0155
0.0398,0.0295,58.1581,-0.4913,0.0838,58.3997,-0.4288,0.0901,0.0152
0.0392,0.0291,58.2577,-0.4822,0.0844,58.4997,-0.4198,0.0905,0.0150
0.0386,0.0287,58.3572,-0.4730,0.0850,58.5997,-0.4107,0.0909,0.0148
0.0380,0.0283,58.4568,-0.4637,0.0856,58.6997,-0.4016,0.0913,0.0146
0.0375,0.0278,58.5564,-0.4544,0.0861,58.7997,-0.3924,0.0917,0.0143
0.0369,0.0274,58.6559,-0.4450,0.0867,58.8997,-0.3832,0.0921,0.0141
0.0363,0.0270,58.7555,-0.4356,0.0873,58.9997,-0.3739,0.0925,0.0138
0.0357,0.0265,58.8551,-0.4262,0.0878,59.0997,-0.3646,0.0928,0.0136
0.0351,0.0261,58.9546,-0.4167,0.0883,59.1997,-0.3553,0.0932,0.0134
0.0345,0.0256,59.0542,-0.4072,0.0888,59.2997,-0.3459,0.0936,0.0131
0.0339,0.0252,59.1537,-0.3976,0.0894,59.3997,-0.3365,0.0939,0.0129
0.0333,0.0247,59.2532,-0.3881,0.0899,59.4997,-0.3271,0.0942,0.0126
0.0327,0.0243,59.3528,-0.3784,0.0904,59.5997,-0.3176,0.0945,0.0124
0.0321,0.0238,59.4523,-0.3687,0.0908,59.6997,-0.3081,0.0948,0.0122
0.0314,0.0234,59.5518,-0.3590,0.0913,59.7997,-0.2986,0.0951,0.0119
0.0308,0.0229,59.6514,-0.3493,0.0918,59.8997,-0.2890,0.0954,0.0117
0.0302,0.0224,59.7509,-0.3395,0.0922,59.9997,-0.2794,0.0957,0.0114
0.0296,0.0220,59.8504,-0.3297,0.0927,60.0997,-0.2698,0.0960,0.0112
0.0289,0.0215,59.9499,-0.3198,0.0931,60.1997,-0.2602,0.0963,0.0109
0.0283,0.0211,60.0494,-0.3100,0.0936,60.2997,-0.2505,0.0965,0.0107
0.0277,0.0206,60.1490,-0.3001,0.0940,60.3997,-0.2408,0.0968,0.0104
0.0270,0.0201,60.2485,-0.2901,0.0944,60.4996,-0.2311,0.0970,0.0101
0.0264,0.0196,60.3480,-0.2802,0.0948,60.5996,-0.2214,0.0972,0.0099
0.0258,0.0192,60.4475,-0.2702,0.0952,60.6996,-0.2116,0.0974,0.0096
0.0251,0.0187,60.5470,-0.2602,0.0956,60.7996,-0.2018,0.0976,0.0094
0.0245,0.0182,60.6465,-0.2501,0.0959,60.8996,-0.1920,0.0978,0.0091
0.0238,0.0177,60.7459,-0.2401,0.0963,60.9996,-0.1822,0.0980,0.0089
0.0232,0.0173,60.8454,-0.2300,0.0967,61.0996,-0.1724,0.0982,0.0086
0.0225,0.0168,60.9449,-0.2198,0.0970,61.1996,-0.1625,0.0984,0.0083
0.0219,0.0163,61.0444,-0.2097,0.0973,61.2996,-0.1526,0.0985,0.0081
0.0212,0.0158,61.1439,-0.1996,0.0977,61.3996,-0.1427,0.0987,0.0078
0.0206,0.0153,61.2434,-0.1894,0.0980,61.4996,-0.1328,0.0988,0.0076
0.0199,0.0148,61.3429,-0.1792,0.0983,61.5996,-0.1229,0.0989,0.0073
0.0192,0.0143,61.4423,-0.1690,0.0986,61.6996,-0.1130,0.0990,0.0070
0.0186,0.0138,61.5418,-0.1588,0.0989,61.7996,-0.1030,0.0991,0.0068
0.0179,0.0134,61.6413,-0.1485,0.0992,61.8996,-0.0931,0.0992,0.0065
0.0172,0.0129,61.7408,-0.1383,0.0994,61.9996,-0.0831,0.0993,0.0062
0.0166,0.0124,61.8402,-0.1280,0.0997,62.0996,-0.0732,0.0994,0.0060
0.0159,0.0119,61.9397,-0.1177,0.0999,62.1996,-0.0632,0.0995,0.0057
0.0152,0.0114,62.0392,-0.1074,0.1002,62.2996,-0.0532,0.0995,0.0054
0.0146,0.0109,62.1386,-0.0971,0.1004,62.3996,-0.0432,0.0996,0.0052
0.0139,0.0104,62.2381,-0.0868,0.1006,62.4996,-0.0332,0.0996,0.0049
0.0132,0.0099,62.3376,-0.0765,0.1008,62.5996,-0.0232,0.0996,0.0046
0.0125,0.0094,62.4370,-0.0662,0.1010,62.6996,-0.0132,0.0997,0.0044
0.0119,0.0089,62.5365,-0.0558,0.1012,62.7996,-0.0032,0.0997,0.0041
0.0112,0.0084,62.6360,-0.0455,0.1014,62.8996,0.0068,0.0997,0.0038
0.0105,0.0079,62.7354,-0.0351,0.1015,62.9996,0.0168,0.0997,0.0036
0.0098,0.0074,62.8349,-0.0248,0.1017,63.0996,0.0268,0.0996,0.0033
0.0091,0.0069,62.9344,-0.0145,0.1018,63.1996,0.0368,0.0996,0.0030
0.0085,0.0064,63.0338,-0.0041,0.1020,63.2996,0.0468,0.0996,0.0027
0.0078,0.0058,63.1333,0.0062,0.1021,63.3996,0.0567,0.0995,0.0025
0.0071,0.0053,63.2328,0.0166,0.1022,63.4996,0.0667,0.0994,0.0022
0.0064,0.0048,63.3322,0.0269,0.1023,63.5996,0.0767,0.0994,0.0019
0.0057,0.0043,63.4317,0.0373,0.1024,63.6996,0.0867,0.0993,0.0017
0.0050,0.0038,63.5311,0.0476,0.1025,63.7996,0.0966,0.0992,0.0014
0.0044,0.0033,63.6306,0.0580,0.1026,63.8996,0.1066,0.0991,0.0011
0.0037,0.0028,63.7301,0.0683,0.1027,63.9996,0.1165,0.0990,0.0008
0.0030,0.0023,63.8295,0.0786,0.1027,64.0996,0.1264,0.0989,0.0006
0.0023,0.0018,63.9290,0.0889,0.1028,64.1996,0.1363,0.0987,0.0003
0.0016,0.0013,64.0285,0.0992,0.1028,64.2996,0.1462,0.0986,0.0000
0.0009,0.0008,64.1279,0.1095,0.1028,64.3996,0.1561,0.0985,-0.0002
0.0002,0.0003,64.2274,0.1198,0.1028,64.4996,0.1660,0.0983,-0.0005
-0.0005,-0.0002,64.3269,0.1301,0.1028,64.5996,0.1759,0.0981,-0.0008
-0.0011,-0.0007,64.4264,0.1403,0.1028,64.6996,0.1857,0.0979,-0.0011
-0.0018,-0.0013,64.5258,0.1506,0.1028,64.7996,0.1955,0.0978,-0.0013
-0.0025,-0.0018,64.6253,0.1608,0.1028,64.8996,0.2053,0.0976,-0.0016
-0.0032,-0.0023,64.7248,0.1710,0.1028,64.9996,0.2151,0.0974,-0.0019
-0.0039,-0.0028,64.8243,0.1812,0.1027,65.0996,0.2248,0.0971,-0.0021
-0.0046,-0.0033,64.9237,0.1914,0.1027,65.1996,0.2346,0.0969,-0.0024
-0.0052,-0.0038,65.0232,0.2015,0.1026,65.2996,0.2443,0.0967,-0.0027
-0.0059,-0.0043,65.1227,0.2117,0.1025,65.3996,0.2540,0.0964,-0.0030
-0.0066,-0.0048,65.2222,0.2218,0.1024,65.4996,0.2636,0.0962,-0.0032
-0.0073,-0.0053,65.3217,0.2319,0.1023,65.5996,0.2733,0.0959,-0.0035
-0.0080,-0.0058,65.4212,0.2420,0.1022,65.6996,0.2829,0.0956,-0.0038
-0.0087,-0.0063,65.5207,0.2520,0.1021,65.7996,0.2924,0.0953,-0.0040
-0.0093,-0.0068,65.6202,0.2620,0.1020,65.8996,0.3020,0.0950,-0.0043
-0.0100,-0.0073,65.7197,0.2720,0.1019,65.9996,0.3115,0.0947,-0.0046
-0.0107,-0.0078,65.8192,0.2820,0.1017,66.0996,0.3210,0.0944,-0.0048
-0.0114,-0.0083,65.9187,0.2919,0.1016,66.1996,0.3304,0.0941,-0.0051
-0.0120,-0.0088,66.0182,0.3018,0.1014,66.2996,0.3399,0.0938,-0.0054
-0.0127,-0.0093,66.1177,0.3117,0.1012,66.3996,0.3493,0.0934,-0.0056
-0.0134,-0.0098,66.2172,0.3216,0.1010,66.4996,0.3586,0.0931,-0.0059
-0.0141,-0.0103,66.3167,0.3314,0.1008,66.5996,0.3679,0.0927,-0.0062
-0.0147,-0.0108,66.4162,0.3412,0.1006,66.6996,0.3772,0.0923,-0.0064
-0.0154,-0.0113,66.5158,0.3509,0.1004,66.7996,0.3864,0.0920,-0.0067
-0.0161,-0.0118,66.6153,0.3607,0.1002,66.8996,0.3956,0.0916,-0.0070
-0.0167,-0.0123,66.7148,0.3703,0.0999,66.9995,0.4048,0.0912,-0.0072
-0.0174,-0.0128,66.8144,0.3800,0.0997,67.0995,0.4139,0.0908,-0.0075
-0.0181,-0.0133,66.9139,0.3896,0.0994,67.1995,0.4230,0.0904,-0.0077
-0.0187,-0.0138,67.0134,0.3992,0.0992,67.2995,0.4321,0.0899,-0.0080
-0.0194,-0.0143,67.1130,0.4087,0.0989,67.3995,0.4411,0.0895,-0.0083
-0.0200,-0.0148,67.2125,0.4182,0.0986,67.4995,0.4500,0.0891,-0.0085
-0.0207,-0.0152,67.3121,0.4276,0.0983,67.5995,0.4589,0.0886,-0.0088
-0.0213,-0.0157,67.4117,0.4370,0.0980,67.6995,0.4678,0.0882,-0.0090
-0.0220,-0.0162,67.5112,0.4464,0.0977,67.7995,0.4766,0.0877,-0.0093
-0.0226,-0.0167,67.6108,0.4557,0.0974,67.8995,0.4854,0.0872,-0.0095
-0.0233,-0.0172,67.7103,0.4650,0.0970,67.9995,0.4941,0.0867,-0.0098
-0.0239,-0.0176,67.8099,0.4742,0.0967,68.0995,0.5027,0.0862,-0.0101
-0.0246,-0.0181,67.9095,0.4834,0.0963,68.1995,0.5114,0.0857,-0.0103
-0.0252,-0.0186,68.0091,0.4925,0.0960,68.2995,0.5199,0.0852,-0.0106
-0.0259,-0.0191,68.1087,0.5016,0.0956,68.3995,0.5284,0.0847,-0.0108
-0.0265,-0.0195,68.2083,0.5106,0.0952,68.4995,0.5369,0.0842,-0.0111
-0.0271,-0.0200,68.3079,0.5196,0.0948,68.5995,0.5453,0.0836,-0.0113
-0.0278,-0.0205,68.4075,0.5285,0.0944,68.6995,0.5537,0.0831,-0.0116
-0.0284,-0.0209,68.5071,0.5374,0.0940,68.7995,0.5620,0.0825,-0.0118
-0.0290,-0.0214,68.6067,0.5462,0.0936,68.8995,0.5702,0.0820,-0.0120
-0.0296,-0.0219,68.7063,0.5550,0.0932,68.9995,0.5784,0.0814,-0.0123
-0.0302,-0.0223,68.8059,0.5637,0.0927,69.0995,0.5865,0.0808,-0.0125
-0.0309,-0.0228,68.9055,0.5724,0.0923,69.1995,0.5946,0.0802,-0.0128
-0.0315,-0.0232,69.0052,0.5810,0.0918,69.2995,0.6026,0.0796,-0.0130
-0.0321,-0.0237,69.1048,0.5895,0.0914,69.3995,0.6106,0.0790,-0.0133
-0.0327,-0.0241,69.2045,0.5980,0.0909,69.4995,0.6184,0.0784,-0.0135
-0.0333,-0.0246,69.3041,0.6064,0.0904,69.5995,0.6263,0.0778,-0.0137
-0.0339,-0.0250,69.4038,0.6148,0.0899,69.6995,0.6340,0.0772,-0.0140
-0.0345,-0.0255,69.5034,0.6231,0.0894,69.7995,0.6417,0.0765,-0.0142
-0.0351,-0.0259,69.6031,0.6314,0.0889,69.8995,0.6494,0.0759,-0.0144
-0.0357,-0.0263,69.7027,0.6395,0.0884,69.9995,0.6569,0.0753,-0.0147
-0.0363,-0.0268,69.8024,0.6477,0.0879,70.0995,0.6645,0.0746,-0.0149
-0.0368,-0.0272,69.9021,0.6557,0.0873,70.1995,0.6719,0.0739,-0.0151
-0.0374,-0.0276,70.0018,0.6637,0.0868,70.2995,0.6793,0.0733,-0.0153
-0.0380,-0.0281,70.1015,0.6716,0.0862,70.3995,0.6866,0.0726,-0.0156
-0.0386,-0.0285,70.2012,0.6795,0.0857,70.4995,0.6938,0.0719,-0.0158
-0.0391,-0.0289,70.3009,0.6873,0.0851,70.5995,0.7010,0.0712,-0.0160
-0.0397,-0.0293,70.4006,0.6950,0.0845,70.6995,0.7081,0.0705,-0.0162
-0.0403,-0.0298,70.5003,0.7026,0.0839,70.7995,0.7151,0.0698,-0.0165
-0.0408,-0.0302,70.6000,0.7102,0.0834,70.8995,0.7221,0.0691,-0.0167
-0.0414,-0.0306,70.6997,0.7177,0.0828,70.9995,0.7289,0.0684,-0.0169
-0.0419,-0.0310,70.7994,0.7252,0.0821,71.0995,0.7357,0.0676,-0.0171
-0.0425,-0.0314,70.8992,0.7325,0.0815,71.1995,0.7425,0.0669,-0.0173
-0.0430,-0.0318,70.9989,0.7398,0.0809,71.2995,0.7491,0.0661,-0.0175
-0.0436,-0.0322,71.0986,0.7471,0.0803,71.3995,0.7557,0.0654,-0.0177
-0.0441,-0.0326,71.1984,0.7542,0.0796,71.4995,0.7622,0.0646,-0.0179
-0.0446,-0.0330,71.2981,0.7613,0.0790,71.5995,0.7687,0.0639,-0.0182
-0.0452,-0.0334,71.3979,0.7683,0.0783,71.6995,0.7750,0.0631,-0.0184
-0.0457,-0.0338,71.4977,0.7752,0.0776,71.7995,0.7813,0.0623,-0.0186
-0.0462,-0.0341,71.5974,0.7820,0.0770,71.8995,0.7875,0.0616,-0.0188
-0.0467,-0.0345,71.6972,0.7888,0.0763,71.9995,0.7936,0.0608,-0.0190
-0.0472,-0.0349,71.7970,0.7955,0.0756,72.0995,0.7997,0.0600,-0.0192
-0.0477,-0.0353,71.8968,0.8021,0.0749,72.1995,0.8056,0.0592,-0.0193
-0.0482,-0.0356,71.9966,0.8086,0.0742,72.2995,0.8115,0.0584,-0.0195
-0.0487,-0.0360,72.0964,0.8151,0.0735,72.3995,0.8173,0.0576,-0.0197
-0.0492,-0.0364,72.1962,0.8215,0.0727,72.4995,0.8231,0.0567,-0.0199
-0.0497,-0.0367,72.2960,0.8277,0.0720,72.5995,0.8287,0.0559,-0.0201
-0.0502,-0.0371,72.3958,0.8339,0.0713,72.6995,0.8342,0.0551,-0.0203
-0.0506,-0.0374,72.4956,0.8401,0.0705,72.7995,0.8397,0.0542,-0.0205
-0.0511,-0.0378,72.5954,0.8461,0.0698,72.8995,0.8451,0.0534,-0.0207
-0.0516,-0.0381,72.6953,0.8521,0.0690,72.9995,0.8504,0.0526,-0.0208
-0.0520,-0.0385,72.7951,0.8579,0.0683,73.0995,0.8556,0.0517,-0.0210
-0.0525,-0.0388,72.8949,0.8637,0.0675,73.1995,0.8608,0.0509,-0.0212
-0.0529,-0.0391,72.9948,0.8694,0.0667,73.2995,0.8658,0.0500,-0.0214
-0.0534,-0.0395,73.0946,0.8750,0.0659,73.3995,0.8708,0.0491,-0.0215
-0.0538,-0.0398,73.1945,0.8806,0.0652,73.4995,0.8756,0.0483,-0.0217
-0.0543,-0.0401,73.2943,0.8860,0.0644,73.5994,0.8804,0.0474,-0.0219
-0.0547,-0.0404,73.3942,0.8913,0.0636,73.6994,0.8851,0.0465,-0.0220
-0.0551,-0.0408,73.4941,0.8966,0.0628,73.7994,0.8897,0.0456,-0.0222
-0.0555,-0.0411,73.5939,0.9018,0.0619,73.8994,0.8943,0.0447,-0.0224
-0.0559,-0.0414,73.6938,0.9069,0.0611,73.9994,0.8987,0.0438,-0.0225
-0.0563,-0.0417,73.7937,0.9118,0.0603,74.0994,0.9030,0.0429,-0.0227
-0.0567,-0.0420,73.8936,0.9167,0.0595,74.1994,0.9073,0.0420,-0.0228
-0.0571,-0.0423,73.9935,0.9216,0.0586,74.2994,0.9114,0.0411,-0.0230
-0.0575,-0.0426,74.0934,0.9263,0.0578,74.3994,0.9155,0.0402,-0.0231
-0.0579,-0.0428,74.1933,0.9309,0.0569,74.4994,0.9195,0.0393,-0.0233
-0.0583,-0.0431,74.2932,0.9354,0.0561,74.5994,0.9234,0.0384,-0.0234
-0.0587,-0.0434,74.3931,0.9399,0.0552,74.6994,0.9272,0.0374,-0.0236
-0.0590,-0.0437,74.4930,0.9442,0.0543,74.7994,0.9309,0.0365,-0.0237
-0.0594,-0.0439,74.5929,0.9485,0.0535,74.8994,0.9345,0.0356,-0.0239
-0.0598,-0.0442,74.6928,0.9526,0.0526,74.9994,0.9380,0.0347,-0.0240
-0.0601,-0.0445,74.7927,0.9567,0.0517,75.0994,0.9414,0.0337,-0.0241
-0.0605,-0.0447,74.8927,0.9606,0.0508,75.1994,0.9447,0.0328,-0.0243
-0.0608,-0.0450,74.9926,0.9645,0.0499,75.2994,0.9480,0.0318,-0.0244
-0.0611,-0.0452,75.0925,0.9683,0.0490,75.3994,0.9511,0.0309,-0.0245
-0.0615,-0.0455,75.1925,0.9720,0.0481,75.4994,0.9541,0.0299,-0.0246
-0.0618,-0.0457,75.2924,0.9756,0.0472,75.5994,0.9571,0.0290,-0.0248
-0.0621,-0.0459,75.3924,0.9790,0.0463,75.6994,0.9599,0.0280,-0.0249
-0.0624,-0.0462,75.4923,0.9824,0.0454,75.7994,0.9627,0.0271,-0.0250
-0.0627,-0.0464,75.5923,0.9857,0.0444,75.8994,0.9653,0.0261,-0.0251
-0.0630,-0.0466,75.6922,0.9889,0.0435,75.9994,0.9679,0.0251,-0.0252
-0.0633,-0.0468,75.7922,0.9920,0.0426,76.0994,0.9704,0.0242,-0.0253
-0.0636,-0.0470,75.8922,0.9950,0.0416,76.1994,0.9727,0.0232,-0.0254
-0.0638,-0.0472,75.9921,0.9979,0.0407,76.2994,0.9750,0.0222,-0.0255
-0.0641,-0.0474,76.0921,1.0007,0.0398,76.3994,0.9772,0.0212,-0.0256
-0.0644,-0.0476,76.1921,1.0034,0.0388,76.4994,0.9793,0.0203,-0.0257
-0.0646,-0.0478,76.2920,1.0060,0.0379,76.5994,0.9812,0.0193,-0.0258
-0.0649,-0.0480,76.3920,1.0085,0.0369,76.6994,0.9831,0.0183,-0.0259
-0.0651,-0.0482,76.4920,1.0108,0.0359,76.7994,0.9849,0.0173,-0.0260
-0.0654,-0.0484,76.5920,1.0131,0.0350,76.8994,0.9866,0.0163,-0.0261
-0.0656,-0.0486,76.6920,1.0153,0.0340,76.9994,0.9882,0.0153,-0.0262
-0.0658,-0.0487,76.7920,1.0174,0.0330,77.0994,0.9896,0.0144,-0.0263
-0.0660,-0.0489,76.8919,1.0194,0.0321,77.1994,0.9910,0.0134,-0.0264
-0.0663,-0.0490,76.9919,1.0213,0.0311,77.2994,0.9923,0.0124,-0.0264
-0.0665,-0.0492,77.0919,1.0231,0.0301,77.3994,0.9935,0.0114,-0.0265
-0.0667,-0.0493,77.1919,1.0248,0.0291,77.4994,0.9946,0.0104,-0.0266
-0.0669,-0.0495,77.2919,1.0263,0.0281,77.5994,0.9956,0.0094,-0.0267
-0.0670,-0.0496,77.3919,1.0278,0.0271,77.6994,0.9965,0.0084,-0.0267
-0.0672,-0.0498,77.4919,1.0292,0.0262,77.7994,0.9973,0.0074,-0.0268
-0.0674,-0.0499,77.5919,1.0305,0.0252,77.8994,0.9979,0.0064,-0.0268
-0.0676,-0.0500,77.6919,1.0316,0.0242,77.9994,0.9985,0.0054,-0.0269
-0.0677,-0.0501,77.7919,1.0327,0.0232,78.0994,0.9990,0.0044,-0.0270
-0.0679,-0.0502,77.8919,1.0336,0.0222,78.1994,0.9994,0.0034,-0.0270
-0.0680,-0.0503,77.9919,1.0345,0.0212,78.2994,0.9997,0.0024,-0.0271
-0.0681,-0.0504,78.0919,1.0353,0.0201,78.3994,0.9999,0.0014,-0.0271
-0.0683,-0.0505,78.1919,1.0359,0.0191,78.4994,1.0000,0.0004,-0.0272
-0.0684,-0.0506,78.2920,1.0365,0.0181,78.5994,1.0000,-0.0006,-0.0272
-0.0685,-0.0507,78.3920,1.0369,0.0171,78.6994,0.9999,-0.0016,-0.0272
-0.0686,-0.0508,78.4920,1.0372,0.0161,78.7994,0.9997,-0.0026,-0.0273
-0.0687,-0.0509,78.5920,1.0375,0.0151,78.8994,0.9994,-0.0036,-0.0273
-0.0688,-0.0510,78.6920,1.0376,0.0141,78.9994,0.9989,-0.0046,-0.0273
-0.0689,-0.0510,78.7920,1.0376,0.0130,79.0994,0.9984,-0.0056,-0.0274
-0.0690,-0.0511,78.8920,1.0376,0.0120,79.1994,0.9978,-0.0066,-0.0274
-0.0691,-0.0511,78.9920,1.0374,0.0110,79.2994,0.9971,-0.0076,-0.0274
-0.0691,-0.0512,79.0920,1.0371,0.0100,79.3994,0.9963,-0.0086,-0.0274
-0.0692,-0.0512,79.1920,1.0367,0.0090,79.4994,0.9954,-0.0096,-0.0275
-0.0693,-0.0513,79.2920,1.0362,0.0079,79.5994,0.9944,-0.0106,-0.0275
-0.0693,-0.0513,79.3921,1.0356,0.0069,79.6994,0.9933,-0.0116,-0.0275
-0.0693,-0.0513,79.4921,1.0350,0.0059,79.7994,0.9921,-0.0126,-0.0275
-0.0694,-0.0514,79.5921,1.0342,0.0049,79.8994,0.9908,-0.0136,-0.0275
-0.0694,-0.0514,79.6921,1.0333,0.0038,79.9994,0.9894,-0.0145,-0.0275
-0.0694,-0.0514,79.7921,1.0322,0.0028,80.0993,0.9879,-0.0155,-0.0275
-0.0694,-0.0514,79.8921,1.0311,0.0018,80.1993,0.9863,-0.0165,-0.0275
-0.0694,-0.0514,79.9921,1.0299,0.0007,80.2993,0.9846,-0.0175,-0.0275
-0.0694,-0.0514,80.0921,1.0286,-0.0003,80.3993,0.9828,-0.0185,-0.0275
-0.0694,-0.0514,80.1921,1.0272,-0.0013,80.4993,0.9809,-0.0195,-0.0275
-0.0694,-0.0514,80.2921,1.0257,-0.0023,80.5993,0.9789,-0.0204,-0.0275
-0.0694,-0.0514,80.3921,1.0241,-0.0034,80.6993,0.9768,-0.0214,-0.0275
-0.0694,-0.0514,80.4921,1.0223,-0.0044,80.7993,0.9746,-0.0224,-0.0274
-0.0693,-0.0513,80.5921,1.0205,-0.0054,80.8993,0.9723,-0.0234,-0.0274
-0.0693,-0.0513,80.6921,1.0186,-0.0065,80.9993,0.9699,-0.0243,-0.0274
-0.0692,-0.0513,80.7920,1.0165,-0.0075,81.0993,0.9674,-0.0253,-0.0274
-0.0692,-0.0512,80.8920,1.0144,-0.0085,81.1993,0.9648,-0.0263,-0.0273
-0.0691,-0.0512,80.9920,1.0122,-0.0095,81.2993,0.9622,-0.0272,-0.0273
-0.0690,-0.0511,81.0920,1.0098,-0.0106,81.3993,0.9594,-0.0282,-0.0273
-0.0689,-0.0511,81.1920,1.0074,-0.0116,81.4993,0.9565,-0.0292,-0.0272
-0.0689,-0.0510,81.2920,1.0049,-0.0126,81.5993,0.9536,-0.0301,-0.0272
-0.0688,-0.0509,81.3919,1.0022,-0.0136,81.6993,0.9505,-0.0311,-0.0272
-0.0687,-0.0509,81.4919,0.9995,-0.0146,81.7993,0.9473,-0.0320,-0.0271
-0.0686,-0.0508,81.5919,0.9967,-0.0157,81.8993,0.9441,-0.0330,-0.0271
-0.0684,-0.0507,81.6918,0.9937,-0.0167,81.9993,0.9408,-0.0339,-0.0270
-0.0683,-0.0506,81.7918,0.9907,-0.0177,82.0993,0.9373,-0.0348,-0.0270
-0.0682,-0.0505,81.8918,0.9875,-0.0187,82.1993,0.9338,-0.0358,-0.0269
-0.0681,-0.0504,81.9917,0.9843,-0.0197,82.2993,0.9302,-0.0367,-0.0268
-0.0679,-0.0503,82.0917,0.9810,-0.0207,82.3993,0.9264,-0.0376,-0.0268
-0.0678,-0.0502,82.1916,0.9776,-0.0217,82.4993,0.9226,-0.0385,-0.0267
-0.0676,-0.0501,82.2916,0.9740,-0.0227,82.5993,0.9187,-0.0395,-0.0266
-0.0674,-0.0500,82.3915,0.9704,-0.0237,82.6993,0.9147,-0.0404,-0.0266
-0.0673,-0.0498,82.4915,0.9667,-0.0247,82.7993,0.9106,-0.0413,-0.0265
-0.0671,-0.0497,82.5914,0.9629,-0.0257,82.8993,0.9065,-0.0422,-0.0264
-0.0669,-0.0496,82.6913,0.9590,-0.0267,82.9993,0.9022,-0.0431,-0.0263
-0.0667,-0.0494,82.7912,0.9549,-0.0277,83.0993,0.8978,-0.0440,-0.0263
-0.0665,-0.0493,82.8912,0.9508,-0.0287,83.1993,0.8934,-0.0449,-0.0262
-0.0663,-0.0491,82.9911,0.9466,-0.0297,83.2993,0.8889,-0.0458,-0.0261
-0.0661,-0.0490,83.0910,0.9423,-0.0307,83.3993,0.8842,-0.0467,-0.0260
-0.0659,-0.0488,83.1909,0.9380,-0.0316,83.4993,0.8795,-0.0476,-0.0259
-0.0657,-0.0487,83.2908,0.9335,-0.0326,83.5993,0.8747,-0.0484,-0.0258
-0.0654,-0.0485,83.3907,0.9289,-0.0336,83.6993,0.8698,-0.0493,-0.0257
-0.0652,-0.0483,83.4906,0.9242,-0.0346,83.7993,0.8648,-0.0502,-0.0256
-0.0649,-0.0481,83.5905,0.9195,-0.0355,83.8993,0.8598,-0.0510,-0.0255
-0.0647,-0.0479,83.6904,0.9146,-0.0365,83.9993,0.8546,-0.0519,-0.0254
-0.0644,-0.0478,83.7903,0.9097,-0.0375,84.0993,0.8494,-0.0527,-0.0253
-0.0642,-0.0476,83.8902,0.9047,-0.0384,84.1993,0.8441,-0.0536,-0.0252
-0.0639,-0.0474,83.9901,0.8995,-0.0394,84.2993,0.8387,-0.0544,-0.0251
-0.0636,-0.0472,84.0899,0.8943,-0.0403,84.3993,0.8332,-0.0552,-0.0250
-0.0633,-0.0469,84.1898,0.8890,-0.0412,84.4993,0.8276,-0.0561,-0.0248
-0.0630,-0.0467,84.2897,0.8836,-0.0422,84.5993,0.8220,-0.0569,-0.0247
-0.0628,-0.0465,84.3895,0.8782,-0.0431,84.6993,0.8162,-0.0577,-0.0246
-0.0624,-0.0463,84.4894,0.8726,-0.0441,84.7993,0.8104,-0.0585,-0.0245
-0.0621,-0.0461,84.5892,0.8669,-0.0450,84.8993,0.8045,-0.0593,-0.0243
-0.0618,-0.0458,84.6891,0.8612,-0.0459,84.9993,0.7985,-0.0601,-0.0242
-0.0615,-0.0456,84.7889,0.8554,-0.0468,85.0993,0.7925,-0.0609,-0.0241
-0.0612,-0.0453,84.8887,0.8495,-0.0477,85.1993,0.7863,-0.0617,-0.0239
-0.0608,-0.0451,84.9886,0.8435,-0.0486,85.2993,0.7801,-0.0625,-0.0238
-0.0605,-0.0449,85.0884,0.8374,-0.0495,85.3993,0.7738,-0.0633,-0.0237
-0.0602,-0.0446,85.1882,0.8312,-0.0504,85.4993,0.7674,-0.0640,-0.0235
-0.0598,-0.0443,85.2880,0.8250,-0.0513,85.5993,0.7610,-0.0648,-0.0234
-0.0594,-0.0441,85.3878,0.8187,-0.0522,85.6993,0.7545,-0.0655,-0.0232
-0.0591,-0.0438,85.4876,0.8123,-0.0531,85.7993,0.7479,-0.0663,-0.0231
-0.0587,-0.0435,85.5874,0.8058,-0.0540,85.8993,0.7412,-0.0670,-0.0229
-0.0583,-0.0432,85.6872,0.7992,-0.0548,85.9993,0.7344,-0.0678,-0.0228
-0.0579,-0.0430,85.7870,0.7926,-0.0557,86.0993,0.7276,-0.0685,-0.0226
-0.0576,-0.0427,85.8868,0.7858,-0.0566,86.1993,0.7207,-0.0692,-0.0225
-0.0572,-0.0424,85.9866,0.7790,-0.0574,86.2993,0.7138,-0.0699,-0.0223
-0.0568,-0.0421,86.0863,0.7722,-0.0583,86.3993,0.7067,-0.0706,-0.0221
-0.0564,-0.0418,86.1861,0.7652,-0.0591,86.4993,0.6996,-0.0713,-0.0220
-0.0560,-0.0415,86.2858,0.7582,-0.0599,86.5993,0.6924,-0.0720,-0.0218
-0.0555,-0.0412,86.3856,0.7511,-0.0608,86.6992,0.6852,-0.0727,-0.0216
-0.0551,-0.0409,86.4854,0.7439,-0.0616,86.7992,0.6779,-0.0734,-0.0215
-0.0547,-0.0406,86.5851,0.7366,-0.0624,86.8992,0.6705,-0.0741,-0.0213
-0.0543,-0.0402,86.6848,0.7293,-0.0632,86.9992,0.6630,-0.0747,-0.0211
-0.0538,-0.0399,86.7846,0.7219,-0.0640,87.0992,0.6555,-0.0754,-0.0209
-0.0534,-0.0396,86.8843,0.7144,-0.0648,87.1992,0.6479,-0.0760,-0.0207
-0.0529,-0.0393,86.9840,0.7069,-0.0656,87.2992,0.6403,-0.0767,-0.0206
-0.0525,-0.0389,87.0837,0.6993,-0.0664,87.3992,0.6326,-0.0773,-0.0204
-0.0520,-0.0386,87.1834,0.6916,-0.0672,87.4992,0.6248,-0.0779,-0.0202
-0.0515,-0.0382,87.2831,0.6838,-0.0680,87.5992,0.6169,-0.0785,-0.0200
-0.0511,-0.0379,87.3828,0.6760,-0.0687,87.6992,0.6090,-0.0791,-0.0198
-0.0506,-0.0375,87.4825,0.6681,-0.0695,87.7992,0.6011,-0.0797,-0.0196
-0.0501,-0.0372,87.5822,0.6602,-0.0702,87.8992,0.5931,-0.0803,-0.0194
-0.0496,-0.0368,87.6819,0.6521,-0.0710,87.9992,0.5850,-0.0809,-0.0192
-0.0491,-0.0365,87.7816,0.6441,-0.0717,88.0992,0.5768,-0.0815,-0.0190
-0.0487,-0.0361,87.8813,0.6359,-0.0724,88.1992,0.5686,-0.0821,-0.0188
-0.0482,-0.0357,87.9809,0.6277,-0.0732,88.2992,0.5604,-0.0826,-0.0186
-0.0477,-0.0354,88.0806,0.6194,-0.0739,88.3992,0.5521,-0.0832,-0.0184
-0.0471,-0.0350,88.1802,0.6111,-0.0746,88.4992,0.5437,-0.0837,-0.0182
-0.0466,-0.0346,88.2799,0.6027,-0.0753,88.5992,0.5353,-0.0843,-0.0180
-0.0461,-0.0342,88.3795,0.5943,-0.0760,88.6992,0.5268,-0.0848,-0.0178
-0.0456,-0.0338,88.4792,0.5858,-0.0767,88.7992,0.5183,-0.0853,-0.0176
-0.0451,-0.0334,88.5788,0.5772,-0.0773,88.8992,0.5097,-0.0858,-0.0174
-0.0445,-0.0331,88.6784,0.5686,-0.0780,88.9992,0.5011,-0.0863,-0.0172
-0.0440,-0.0327,88.7781,0.5599,-0.0787,89.0992,0.4924,-0.0868,-0.0170
-0.0435,-0.0323,88.8777,0.5512,-0.0793,89.1992,0.4837,-0.0873,-0.0167
-0.0429,-0.0319,88.9773,0.5424,-0.0800,89.2992,0.4749,-0.0878,-0.0165
-0.0424,-0.0315,89.0769,0.5335,-0.0806,89.3992,0.4661,-0.0882,-0.0163
-0.0418,-0.0310,89.1765,0.5246,-0.0812,89.4992,0.4572,-0.0887,-0.0161
-0.0413,-0.0306,89.2761,0.5157,-0.0819,89.5992,0.4483,-0.0892,-0.0159
-0.0407,-0.0302,89.3757,0.5067,-0.0825,89.6992,0.4393,-0.0896,-0.0156
-0.0401,-0.0298,89.4753,0.4976,-0.0831,89.7992,0.4303,-0.0900,-0.0154
-0.0396,-0.0294,89.5749,0.4885,-0.0837,89.8992,0.4213,-0.0904,-0.0152
-0.0390,-0.0290,89.6745,0.4794,-0.0843,89.9992,0.4122,-0.0909,-0.0149
-0.0384,-0.0285,89.7741,0.4702,-0.0848,90.0992,0.4031,-0.0913,-0.0147
-0.0378,-0.0281,89.8737,0.4610,-0.0854,90.1992,0.3939,-0.0917,-0.0145
-0.0373,-0.0277,89.9732,0.4517,-0.0860,90.2992,0.3847,-0.0920,-0.0142
-0.0367,-0.0272,90.0728,0.4423,-0.0865,90.3992,0.3754,-0.0924,-0.0140
-0.0361,-0.0268,90.1724,0.4330,-0.0871,90.4992,0.3661,-0.0928,-0.0138
-0.0355,-0.0264,90.2719,0.4236,-0.0876,90.5992,0.3568,-0.0931,-0.0135
-0.0349,-0.0259,90.3715,0.4141,-0.0881,90.6992,0.3475,-0.0935,-0.0133
-0.0343,-0.0255,90.4710,0.4046,-0.0886,90.7992,0.3381,-0.0938,-0.0131
-0.0337,-0.0250,90.5706,0.3951,-0.0892,90.8992,0.3286,-0.0942,-0.0128
-0.0331,-0.0246,90.6701,0.3855,-0.0897,90.9992,0.3192,-0.0945,-0.0126
-0.0325,-0.0241,90.7696,0.3759,-0.0901,91.0992,0.3097,-0.0948,-0.0123
-0.0319,-0.0237,90.8692,0.3662,-0.0906,91.1992,0.3002,-0.0951,-0.0121
-0.0313,-0.0232,90.9687,0.3565,-0.0911,91.2992,0.2906,-0.0954,-0.0118
-0.0306,-0.0228,91.0682,0.3468,-0.0916,91.3992,0.2810,-0.0957,-0.0116
-0.0300,-0.0223,91.1678,0.3371,-0.0920,91.4992,0.2714,-0.0960,-0.0113
-0.0294,-0.0219,91.2673,0.3273,-0.0925,91.5992,0.2618,-0.0962,-0.0111
-0.0288,-0.0214,91.3668,0.3175,-0.0929,91.6992,0.2521,-0.0965,-0.0108
-0.0281,-0.0209,91.4663,0.3076,-0.0933,91.7992,0.2424,-0.0967,-0.0106
-0.0275,-0.0205,91.5658,0.2977,-0.0938,91.8992,0.2327,-0.0969,-0.0103
-0.0269,-0.0200,91.6653,0.2878,-0.0942,91.9992,0.2230,-0.0972,-0.0101
-0.0262,-0.0195,91.7648,0.2779,-0.0946,92.0992,0.2132,-0.0974,-0.0098
-0.0256,-0.0190,91.8644,0.2679,-0.0950,92.1992,0.2034,-0.0976,-0.0096
-0.0250,-0.0186,91.9639,0.2579,-0.0953,92.2992,0.1936,-0.0978,-0.0093
-0.0243,-0.0181,92.0634,0.2479,-0.0957,92.3992,0.1838,-0.0980,-0.0091
-0.0237,-0.0176,92.1628,0.2379,-0.0961,92.4992,0.1740,-0.0982,-0.0088
-0.0230,-0.0171,92.2623,0.2278,-0.0964,92.5992,0.1641,-0.0983,-0.0085
-0.0224,-0.0167,92.3618,0.2177,-0.0968,92.6992,0.1542,-0.0985,-0.0083
-0.0217,-0.0162,92.4613,0.2076,-0.0971,92.7992,0.1444,-0.0986,-0.0080
-0.0211,-0.0157,92.5608,0.1975,-0.0974,92.8992,0.1345,-0.0988,-0.0078
-0.0204,-0.0152,92.6603,0.1873,-0.0977,92.9992,0.1245,-0.0989,-0.0075
-0.0197,-0.0147,92.7598,0.1772,-0.0980,93.0992,0.1146,-0.0990,-0.0072
-0.0191,-0.0142,92.8593,0.1670,-0.0983,93.1992,0.1047,-0.0991,-0.0070
-0.0184,-0.0137,92.9587,0.1568,-0.0986,93.2991,0.0947,-0.0992,-0.0067
-0.0178,-0.0132,93.0582,0.1466,-0.0989,93.3991,0.0848,-0.0993,-0.0064
-0.0171,-0.0128,93.1577,0.1364,-0.0992,93.4991,0.0748,-0.0994,-0.0062
-0.0164,-0.0123,93.2572,0.1261,-0.0994,93.5991,0.0648,-0.0995,-0.0059
-0.0158,-0.0118,93.3566,0.1159,-0.0997,93.6991,0.0548,-0.0995,-0.0056
-0.0151,-0.0113,93.4561,0.1056,-0.0999,93.7991,0.0448,-0.0996,-0.0054
-0.0144,-0.0108,93.5556,0.0953,-0.1001,93.8991,0.0349,-0.0996,-0.0051
-0.0137,-0.0103,93.6551,0.0851,-0.1003,93.9991,0.0249,-0.0996,-0.0048
-0.0131,-0.0098,93.7545,0.0748,-0.1005,94.0991,0.0149,-0.0997,-0.0046
-0.0124,-0.0093,93.8540,0.0645,-0.1007,94.1991,0.0049,-0.0997,-0.0043
-0.0117,-0.0088,93.9535,0.0542,-0.1009,94.2991,-0.0051,-0.0997,-0.0040
-0.0110,-0.0083,94.0529,0.0439,-0.1011,94.3991,-0.0151,-0.0997,-0.0038
-0.0104,-0.0078,94.1524,0.0336,-0.1013,94.4991,-0.0251,-0.0996,-0.0035
-0.0097,-0.0073,94.2519,0.0232,-0.1014,94.5991,-0.0351,-0.0996,-0.0032
-0.0090,-0.0068,94.3513,0.0129,-0.1016,94.6991,-0.0451,-0.0996,-0.0030
-0.0083,-0.0063,94.4508,0.0026,-0.1017,94.7991,-0.0551,-0.0995,-0.0027
-0.0077,-0.0058,94.5503,-0.0077,-0.1018,94.8991,-0.0651,-0.0995,-0.0024
-0.0070,-0.0053,94.6497,-0.0180,-0.1019,94.9991,-0.0751,-0.0994,-0.0022
-0.0063,-0.0048,94.7492,-0.0283,-0.1020,95.0991,-0.0850,-0.0993,-0.0019
-0.0056,-0.0042,94.8487,-0.0387,-0.1021,95.1991,-0.0950,-0.0992,-0.0016
-0.0049,-0.0037,94.9481,-0.0490,-0.1022,95.2991,-0.1049,-0.0991,-0.0013
-0.0042,-0.0032,95.0476,-0.0593,-0.1023,95.3991,-0.1149,-0.0990,-0.0011
-0.0036,-0.0027,95.1471,-0.0696,-0.1024,95.4991,-0.1248,-0.0989,-0.0008
-0.0029,-0.0022,95.2465,-0.0799,-0.1024,95.5991,-0.1347,-0.0988,-0.0005
-0.0022,-0.0017,95.3460,-0.0901,-0.1025,95.6991,-0.1446,-0.0986,-0.0003
-0.0015,-0.0012,95.4455,-0.1004,-0.1025,95.7991,-0.1545,-0.0985,0.0000
-0.0008,-0.0007,95.5449,-0.1107,-0.1025,95.8991,-0.1644,-0.0983,0.0003
-0.0001,-0.0002,95.6444,-0.1209,-0.1025,95.9991,-0.1742,-0.0982,0.0006
0.0005,0.0003,95.7439,-0.1312,-0.1025,96.0991,-0.1841,-0.0980,0.0008
0.0012,0.0008,95.8434,-0.1414,-0.1025,96.1991,-0.1939,-0.0978,0.0011
0.0019,0.0013,95.9429,-0.1516,-0.1025,96.2991,-0.2037,-0.0976,0.0014
0.0026,0.0018,96.0423,-0.1618,-0.1025,96.3991,-0.2135,-0.0974,0.0016
0.0033,0.0023,96.1418,-0.1720,-0.1024,96.4991,-0.2232,-0.0972,0.0019
0.0040,0.0028,96.2413,-0.1821,-0.1024,96.5991,-0.2330,-0.0969,0.0022
0.0046,0.0033,96.3408,-0.1923,-0.1023,96.6991,-0.2427,-0.0967,0.0024
0.0053,0.0039,96.4403,-0.2024,-0.1023,96.7991,-0.2524,-0.0965,0.0027
0.0060,0.0044,96.5398,-0.2125,-0.1022,96.8991,-0.2620,-0.0962,0.0030
0.0067,0.0049,96.6392,-0.2226,-0.1021,96.9991,-0.2717,-0.0959,0.0033
0.0074,0.0054,96.7387,-0.2326,-0.1020,97.0991,-0.2813,-0.0957,0.0035
0.0080,0.0059,96.8382,-0.2427,-0.1019,97.1991,-0.2909,-0.0954,0.0038
0.0087,0.0064,96.9377,-0.2527,-0.1018,97.2991,-0.3004,-0.0951,0.0041
0.0094,0.0069,97.0372,-0.2627,-0.1017,97.3991,-0.3099,-0.0948,0.0043
0.0101,0.0074,97.1367,-0.2726,-0.1015,97.4991,-0.3194,-0.0945,0.0046
0.0108,0.0079,97.2362,-0.2826,-0.1014,97.5991,-0.3289,-0.0942,0.0049
0.0114,0.0084,97.3357,-0.2925,-0.1012,97.6991,-0.3383,-0.0938,0.0051
0.0121,0.0089,97.4353,-0.3024,-0.1011,97.7991,-0.3477,-0.0935,0.0054
0.0128,0.0094,97.5348,-0.3122,-0.1009,97.8991,-0.3571,-0.0931,0.0057
0.0134,0.0099,97.6343,-0.3220,-0.1007,97.9991,-0.3664,-0.0928,0.0059
0.0141,0.0104,97.7338,-0.3318,-0.1005,98.0991,-0.3757,-0.0924,0.0062
0.0148,0.0109,97.8333,-0.3416,-0.1003,98.1991,-0.3849,-0.0920,0.0064
0.0154,0.0113,97.9329,-0.3513,-0.1001,98.2991,-0.3941,-0.0916,0.0067
0.0161,0.0118,98.0324,-0.3610,-0.0998,98.3991,-0.4033,-0.0913,0.0070
0.0168,0.0123,98.1319,-0.3706,-0.0996,98.4991,-0.4124,-0.0908,0.0072
0.0174,0.0128,98.2315,-0.3802,-0.0994,98.5991,-0.4215,-0.0904,0.0075
0.0181,0.0133,98.3310,-0.3898,-0.0991,98.6991,-0.4306,-0.0900,0.0078
0.0188,0.0138,98.4305,-0.3993,-0.0988,98.7991,-0.4396,-0.0896,0.0080
0.0194,0.0143,98.5301,-0.4088,-0.0986,98.8991,-0.4485,-0.0891,0.0083
0.0201,0.0148,98.6296,-0.4183,-0.0983,98.9991,-0.4575,-0.0887,0.0085
0.0207,0.0153,98.7292,-0.4277,-0.0980,99.0991,-0.4663,-0.0882,0.0088
0.0214,0.0157,98.8288,-0.4371,-0.0977,99.1991,-0.4751,-0.0878,0.0090
0.0220,0.0162,98.9283,-0.4464,-0.0974,99.2991,-0.4839,-0.0873,0.0093
0.0227,0.0167,99.0279,-0.4557,-0.0970,99.3991,-0.4926,-0.0868,0.0096
0.0233,0.0172,99.1275,-0.4649,-0.0967,99.4991,-0.5013,-0.0863,0.0098
0.0240,0.0177,99.2271,-0.4741,-0.0964,99.5991,-0.5100,-0.0858,0.0101
0.0246,0.0181,99.3266,-0.4832,-0.0960,99.6991,-0.5185,-0.0853,0.0103
0.0252,0.0186,99.4262,-0.4923,-0.0956,99.7990,-0.5271,-0.0848,0.0106
0.0259,0.0191,99.5258,-0.5014,-0.0953,99.8990,-0.5355,-0.0843,0.0108
0.0265,0.0195,99.6254,-0.5104,-0.0949,99.9990,-0.5439,-0.0837,0.0111
